[{"model": "admin.logentry", "pk": 1, "fields": {"action_time": "2021-01-25T21:59:40.368Z", "user": 3, "content_type": 9, "object_id": "3", "object_repr": "О полезной еде", "action_flag": 2, "change_message": "[{\"changed\": {\"fields\": [\"Article text\"]}}]"}}, {"model": "admin.logentry", "pk": 2, "fields": {"action_time": "2021-01-25T21:59:47.155Z", "user": 3, "content_type": 9, "object_id": "2", "object_repr": "В вреде пьянства", "action_flag": 2, "change_message": "[{\"changed\": {\"fields\": [\"Article text\"]}}]"}}, {"model": "admin.logentry", "pk": 3, "fields": {"action_time": "2021-01-25T21:59:52.676Z", "user": 3, "content_type": 9, "object_id": "1", "object_repr": "Romans in the city", "action_flag": 2, "change_message": "[{\"changed\": {\"fields\": [\"Article text\"]}}]"}}, {"model": "admin.logentry", "pk": 4, "fields": {"action_time": "2021-01-26T21:00:21.308Z", "user": 3, "content_type": 9, "object_id": "3", "object_repr": "О полезной еде", "action_flag": 2, "change_message": "[{\"changed\": {\"fields\": [\"Article text\"]}}]"}}, {"model": "admin.logentry", "pk": 5, "fields": {"action_time": "2021-01-26T21:00:33.433Z", "user": 3, "content_type": 9, "object_id": "2", "object_repr": "В вреде пьянства", "action_flag": 2, "change_message": "[{\"changed\": {\"fields\": [\"Article text\"]}}]"}}, {"model": "admin.logentry", "pk": 6, "fields": {"action_time": "2021-01-26T21:00:52.950Z", "user": 3, "content_type": 9, "object_id": "1", "object_repr": "Romans in the city", "action_flag": 2, "change_message": "[{\"changed\": {\"fields\": [\"Article text\"]}}]"}}, {"model": "admin.logentry", "pk": 7, "fields": {"action_time": "2021-01-27T21:48:52.245Z", "user": 3, "content_type": 9, "object_id": "1", "object_repr": "Romans сука in  блять the city", "action_flag": 2, "change_message": "[{\"changed\": {\"fields\": [\"Post title\"]}}]"}}, {"model": "admin.logentry", "pk": 8, "fields": {"action_time": "2021-01-27T21:51:17.035Z", "user": 3, "content_type": 9, "object_id": "1", "object_repr": "Romans сука in  блять the city", "action_flag": 2, "change_message": "[{\"changed\": {\"fields\": [\"Article text\"]}}]"}}, {"model": "admin.logentry", "pk": 9, "fields": {"action_time": "2021-01-28T18:27:33.184Z", "user": 3, "content_type": 9, "object_id": "3", "object_repr": "О полезной  блять еде", "action_flag": 2, "change_message": "[{\"changed\": {\"fields\": [\"Post title\", \"Article text\"]}}]"}}, {"model": "admin.logentry", "pk": 10, "fields": {"action_time": "2021-01-30T16:42:46.614Z", "user": 3, "content_type": 9, "object_id": "4", "object_repr": "Велосипед", "action_flag": 1, "change_message": "[{\"added\": {}}]"}}, {"model": "admin.logentry", "pk": 11, "fields": {"action_time": "2021-01-30T16:43:49.273Z", "user": 3, "content_type": 9, "object_id": "5", "object_repr": "Осмотр больницы в Коммунарке", "action_flag": 1, "change_message": "[{\"added\": {}}]"}}, {"model": "admin.logentry", "pk": 12, "fields": {"action_time": "2021-02-14T11:19:57.664Z", "user": 3, "content_type": 12, "object_id": "1", "object_repr": "127.0.0.1", "action_flag": 2, "change_message": "[{\"changed\": {\"fields\": [\"Domain name\"]}}]"}}, {"model": "admin.logentry", "pk": 13, "fields": {"action_time": "2021-02-14T11:22:12.710Z", "user": 3, "content_type": 16, "object_id": "1", "object_repr": "Google", "action_flag": 1, "change_message": "[{\"added\": {}}]"}}, {"model": "admin.logentry", "pk": 14, "fields": {"action_time": "2021-02-14T13:18:27.658Z", "user": 3, "content_type": 3, "object_id": "1", "object_repr": "common", "action_flag": 1, "change_message": "[{\"added\": {}}]"}}, {"model": "admin.logentry", "pk": 15, "fields": {"action_time": "2021-02-14T13:18:53.910Z", "user": 3, "content_type": 3, "object_id": "2", "object_repr": "authors", "action_flag": 1, "change_message": "[{\"added\": {}}]"}}, {"model": "admin.logentry", "pk": 16, "fields": {"action_time": "2021-02-14T13:26:58.757Z", "user": 3, "content_type": 4, "object_id": "4", "object_repr": "slay", "action_flag": 2, "change_message": "[{\"changed\": {\"fields\": [\"Groups\"]}}]"}}, {"model": "admin.logentry", "pk": 17, "fields": {"action_time": "2021-02-14T13:35:55.634Z", "user": 3, "content_type": 4, "object_id": "5", "object_repr": "slay2", "action_flag": 2, "change_message": "[{\"changed\": {\"fields\": [\"Groups\"]}}]"}}, {"model": "admin.logentry", "pk": 18, "fields": {"action_time": "2021-02-14T13:36:05.483Z", "user": 3, "content_type": 4, "object_id": "6", "object_repr": "slay3", "action_flag": 2, "change_message": "[{\"changed\": {\"fields\": [\"Groups\"]}}]"}}, {"model": "admin.logentry", "pk": 19, "fields": {"action_time": "2021-02-14T13:36:17.090Z", "user": 3, "content_type": 4, "object_id": "7", "object_repr": "slay4", "action_flag": 2, "change_message": "[{\"changed\": {\"fields\": [\"Groups\"]}}]"}}, {"model": "admin.logentry", "pk": 20, "fields": {"action_time": "2021-02-14T13:36:22.576Z", "user": 3, "content_type": 4, "object_id": "8", "object_repr": "slay5", "action_flag": 2, "change_message": "[]"}}, {"model": "admin.logentry", "pk": 21, "fields": {"action_time": "2021-02-14T13:36:37.861Z", "user": 3, "content_type": 4, "object_id": "8", "object_repr": "slay5", "action_flag": 2, "change_message": "[{\"changed\": {\"fields\": [\"Groups\"]}}]"}}, {"model": "admin.logentry", "pk": 22, "fields": {"action_time": "2021-02-14T15:46:28.760Z", "user": 3, "content_type": 4, "object_id": "3", "object_repr": "admin", "action_flag": 2, "change_message": "[{\"changed\": {\"fields\": [\"Groups\"]}}]"}}, {"model": "admin.logentry", "pk": 23, "fields": {"action_time": "2021-02-14T18:08:30.449Z", "user": 3, "content_type": 3, "object_id": "2", "object_repr": "authors", "action_flag": 2, "change_message": "[]"}}, {"model": "admin.logentry", "pk": 24, "fields": {"action_time": "2021-02-15T18:28:50.196Z", "user": 3, "content_type": 4, "object_id": "9", "object_repr": "ddd", "action_flag": 2, "change_message": "[{\"changed\": {\"fields\": [\"Groups\"]}}]"}}, {"model": "admin.logentry", "pk": 25, "fields": {"action_time": "2021-02-15T21:27:59.381Z", "user": 3, "content_type": 4, "object_id": "3", "object_repr": "admin", "action_flag": 2, "change_message": "[{\"changed\": {\"fields\": [\"Groups\"]}}]"}}, {"model": "admin.logentry", "pk": 26, "fields": {"action_time": "2021-02-15T21:28:14.944Z", "user": 3, "content_type": 4, "object_id": "3", "object_repr": "admin", "action_flag": 2, "change_message": "[]"}}, {"model": "admin.logentry", "pk": 27, "fields": {"action_time": "2021-02-16T18:51:54.534Z", "user": 3, "content_type": 4, "object_id": "10", "object_repr": "ggg", "action_flag": 2, "change_message": "[{\"changed\": {\"fields\": [\"User permissions\"]}}]"}}, {"model": "admin.logentry", "pk": 28, "fields": {"action_time": "2021-02-16T21:25:40.075Z", "user": 3, "content_type": 4, "object_id": "9", "object_repr": "ddd", "action_flag": 2, "change_message": "[{\"changed\": {\"fields\": [\"Groups\"]}}]"}}, {"model": "admin.logentry", "pk": 29, "fields": {"action_time": "2021-02-16T21:25:46.127Z", "user": 3, "content_type": 4, "object_id": "10", "object_repr": "ggg", "action_flag": 2, "change_message": "[{\"changed\": {\"fields\": [\"Groups\"]}}]"}}, {"model": "admin.logentry", "pk": 30, "fields": {"action_time": "2021-02-16T21:41:41.026Z", "user": 3, "content_type": 4, "object_id": "9", "object_repr": "ddd", "action_flag": 2, "change_message": "[{\"changed\": {\"fields\": [\"Groups\"]}}]"}}, {"model": "admin.logentry", "pk": 31, "fields": {"action_time": "2021-02-16T21:41:51.463Z", "user": 3, "content_type": 4, "object_id": "10", "object_repr": "ggg", "action_flag": 2, "change_message": "[{\"changed\": {\"fields\": [\"Groups\"]}}]"}}, {"model": "admin.logentry", "pk": 32, "fields": {"action_time": "2021-02-17T18:49:16.474Z", "user": 3, "content_type": 4, "object_id": "9", "object_repr": "ddd", "action_flag": 2, "change_message": "[{\"changed\": {\"fields\": [\"Groups\"]}}]"}}, {"model": "admin.logentry", "pk": 33, "fields": {"action_time": "2021-02-17T18:49:23.195Z", "user": 3, "content_type": 4, "object_id": "10", "object_repr": "ggg", "action_flag": 2, "change_message": "[{\"changed\": {\"fields\": [\"Groups\"]}}]"}}, {"model": "admin.logentry", "pk": 34, "fields": {"action_time": "2021-02-17T18:55:04.682Z", "user": 3, "content_type": 4, "object_id": "9", "object_repr": "ddd", "action_flag": 2, "change_message": "[{\"changed\": {\"fields\": [\"Groups\"]}}]"}}, {"model": "admin.logentry", "pk": 35, "fields": {"action_time": "2021-02-17T18:55:11.170Z", "user": 3, "content_type": 4, "object_id": "10", "object_repr": "ggg", "action_flag": 2, "change_message": "[{\"changed\": {\"fields\": [\"Groups\"]}}]"}}, {"model": "admin.logentry", "pk": 36, "fields": {"action_time": "2021-02-17T20:53:59.740Z", "user": 3, "content_type": 16, "object_id": "1", "object_repr": "Google", "action_flag": 2, "change_message": "[{\"changed\": {\"fields\": [\"Sites\"]}}]"}}, {"model": "admin.logentry", "pk": 37, "fields": {"action_time": "2021-02-17T20:55:43.079Z", "user": 3, "content_type": 4, "object_id": "11", "object_repr": "andrey", "action_flag": 3, "change_message": ""}}, {"model": "admin.logentry", "pk": 38, "fields": {"action_time": "2021-02-17T21:04:11.952Z", "user": 3, "content_type": 3, "object_id": "2", "object_repr": "authors", "action_flag": 2, "change_message": "[{\"changed\": {\"fields\": [\"Permissions\"]}}]"}}, {"model": "admin.logentry", "pk": 39, "fields": {"action_time": "2021-02-17T21:04:28.663Z", "user": 3, "content_type": 4, "object_id": "9", "object_repr": "ddd", "action_flag": 2, "change_message": "[{\"changed\": {\"fields\": [\"Groups\"]}}]"}}, {"model": "admin.logentry", "pk": 40, "fields": {"action_time": "2021-02-17T21:04:38.148Z", "user": 3, "content_type": 4, "object_id": "10", "object_repr": "ggg", "action_flag": 2, "change_message": "[{\"changed\": {\"fields\": [\"Groups\", \"User permissions\"]}}]"}}, {"model": "admin.logentry", "pk": 41, "fields": {"action_time": "2021-02-18T17:33:09.842Z", "user": 3, "content_type": 4, "object_id": "3", "object_repr": "admin", "action_flag": 2, "change_message": "[{\"changed\": {\"fields\": [\"Groups\", \"User permissions\"]}}]"}}, {"model": "admin.logentry", "pk": 42, "fields": {"action_time": "2021-02-18T18:53:41.284Z", "user": 3, "content_type": 9, "object_id": "20", "object_repr": "Нефть Brent достигла рекордной перекупленности с 1997 года", "action_flag": 1, "change_message": "[{\"added\": {}}]"}}, {"model": "admin.logentry", "pk": 43, "fields": {"action_time": "2021-02-18T18:54:12.321Z", "user": 3, "content_type": 9, "object_id": "21", "object_repr": "Добыча сланцевой нефти в России может стать рентабельной", "action_flag": 1, "change_message": "[{\"added\": {}}]"}}, {"model": "admin.logentry", "pk": 44, "fields": {"action_time": "2021-02-18T18:54:40.650Z", "user": 3, "content_type": 9, "object_id": "22", "object_repr": "SpaceX Илона Маска оценили в $74 млрд", "action_flag": 1, "change_message": "[{\"added\": {}}]"}}, {"model": "admin.logentry", "pk": 45, "fields": {"action_time": "2021-02-18T20:46:31.478Z", "user": 3, "content_type": 4, "object_id": "9", "object_repr": "ddd", "action_flag": 2, "change_message": "[{\"changed\": {\"fields\": [\"Groups\"]}}]"}}, {"model": "admin.logentry", "pk": 46, "fields": {"action_time": "2021-02-18T20:46:39.294Z", "user": 3, "content_type": 4, "object_id": "10", "object_repr": "ggg", "action_flag": 2, "change_message": "[]"}}, {"model": "admin.logentry", "pk": 47, "fields": {"action_time": "2021-02-20T14:58:38.940Z", "user": 3, "content_type": 4, "object_id": "10", "object_repr": "ggg", "action_flag": 2, "change_message": "[{\"changed\": {\"fields\": [\"Groups\"]}}]"}}, {"model": "admin.logentry", "pk": 48, "fields": {"action_time": "2021-02-20T14:58:48.993Z", "user": 3, "content_type": 4, "object_id": "10", "object_repr": "ggg", "action_flag": 2, "change_message": "[]"}}, {"model": "admin.logentry", "pk": 49, "fields": {"action_time": "2021-02-20T14:59:02.779Z", "user": 3, "content_type": 4, "object_id": "12", "object_repr": "andrey", "action_flag": 2, "change_message": "[{\"changed\": {\"fields\": [\"Groups\"]}}]"}}, {"model": "admin.logentry", "pk": 50, "fields": {"action_time": "2021-02-20T14:59:38.979Z", "user": 3, "content_type": 3, "object_id": "2", "object_repr": "authors", "action_flag": 2, "change_message": "[{\"changed\": {\"fields\": [\"Permissions\"]}}]"}}, {"model": "admin.logentry", "pk": 51, "fields": {"action_time": "2021-02-20T15:03:02.960Z", "user": 3, "content_type": 3, "object_id": "2", "object_repr": "authors", "action_flag": 2, "change_message": "[{\"changed\": {\"fields\": [\"Permissions\"]}}]"}}, {"model": "admin.logentry", "pk": 52, "fields": {"action_time": "2021-02-20T15:05:06.280Z", "user": 3, "content_type": 3, "object_id": "2", "object_repr": "authors", "action_flag": 2, "change_message": "[]"}}, {"model": "admin.logentry", "pk": 53, "fields": {"action_time": "2021-02-20T15:05:28.791Z", "user": 3, "content_type": 4, "object_id": "9", "object_repr": "ddd", "action_flag": 2, "change_message": "[{\"changed\": {\"fields\": [\"User permissions\"]}}]"}}, {"model": "admin.logentry", "pk": 54, "fields": {"action_time": "2021-02-21T14:20:03.088Z", "user": 3, "content_type": 3, "object_id": "2", "object_repr": "authors", "action_flag": 2, "change_message": "[]"}}, {"model": "admin.logentry", "pk": 55, "fields": {"action_time": "2021-02-23T16:24:29.713Z", "user": 3, "content_type": 19, "object_id": "1", "object_repr": "Политика", "action_flag": 1, "change_message": "[{\"added\": {}}]"}}, {"model": "admin.logentry", "pk": 56, "fields": {"action_time": "2021-02-23T17:26:39.379Z", "user": 3, "content_type": 10, "object_id": "3", "object_repr": "PostCategory object (3)", "action_flag": 1, "change_message": "[{\"added\": {}}]"}}, {"model": "admin.logentry", "pk": 57, "fields": {"action_time": "2021-02-23T17:28:40.859Z", "user": 3, "content_type": 10, "object_id": "4", "object_repr": "Тараканище", "action_flag": 1, "change_message": "[{\"added\": {}}]"}}, {"model": "admin.logentry", "pk": 58, "fields": {"action_time": "2021-02-23T17:28:55.559Z", "user": 3, "content_type": 10, "object_id": "5", "object_repr": "Deutsche Bank: рубль похож на потемкинскую деревню", "action_flag": 1, "change_message": "[{\"added\": {}}]"}}, {"model": "admin.logentry", "pk": 59, "fields": {"action_time": "2021-02-23T17:29:06.741Z", "user": 3, "content_type": 10, "object_id": "6", "object_repr": "Нефть Brent достигла рекордной перекупленности с 1997 года", "action_flag": 1, "change_message": "[{\"added\": {}}]"}}, {"model": "admin.logentry", "pk": 60, "fields": {"action_time": "2021-02-23T17:29:19.215Z", "user": 3, "content_type": 10, "object_id": "7", "object_repr": "Пол Кругман: Спасение от пандемии: это «и», а не «или»", "action_flag": 1, "change_message": "[{\"added\": {}}]"}}, {"model": "admin.logentry", "pk": 61, "fields": {"action_time": "2021-02-23T17:29:21.247Z", "user": 3, "content_type": 10, "object_id": "7", "object_repr": "Пол Кругман: Спасение от пандемии: это «и», а не «или»", "action_flag": 2, "change_message": "[]"}}, {"model": "admin.logentry", "pk": 62, "fields": {"action_time": "2021-02-23T17:29:26.589Z", "user": 3, "content_type": 10, "object_id": "8", "object_repr": "Добыча сланцевой нефти в России может стать рентабельной", "action_flag": 1, "change_message": "[{\"added\": {}}]"}}, {"model": "admin.logentry", "pk": 63, "fields": {"action_time": "2021-02-23T17:29:32.774Z", "user": 3, "content_type": 10, "object_id": "9", "object_repr": "SpaceX Илона Маска оценили в $74 млрд", "action_flag": 1, "change_message": "[{\"added\": {}}]"}}, {"model": "admin.logentry", "pk": 64, "fields": {"action_time": "2021-02-23T17:30:15.373Z", "user": 3, "content_type": 10, "object_id": "10", "object_repr": "Default value", "action_flag": 1, "change_message": "[{\"added\": {}}]"}}, {"model": "admin.logentry", "pk": 65, "fields": {"action_time": "2021-02-23T17:45:47.166Z", "user": 3, "content_type": 10, "object_id": "11", "object_repr": "asdfasdf", "action_flag": 1, "change_message": "[{\"added\": {}}]"}}, {"model": "admin.logentry", "pk": 66, "fields": {"action_time": "2021-02-28T10:31:34.599Z", "user": 3, "content_type": 10, "object_id": "12", "object_repr": "dsfasdf1111111111111111", "action_flag": 1, "change_message": "[{\"added\": {}}]"}}, {"model": "admin.logentry", "pk": 67, "fields": {"action_time": "2021-02-28T10:31:57.592Z", "user": 3, "content_type": 10, "object_id": "13", "object_repr": "Default valuesdfasdf", "action_flag": 1, "change_message": "[{\"added\": {}}]"}}, {"model": "admin.logentry", "pk": 68, "fields": {"action_time": "2021-02-28T10:32:18.409Z", "user": 3, "content_type": 10, "object_id": "14", "object_repr": "Российская золотодобывающая компания делает вторую попытку покор", "action_flag": 1, "change_message": "[{\"added\": {}}]"}}, {"model": "admin.logentry", "pk": 69, "fields": {"action_time": "2021-02-28T10:32:41.140Z", "user": 3, "content_type": 10, "object_id": "15", "object_repr": "Baker Hughes: за последние 19 недель число активных нефтяных бур", "action_flag": 1, "change_message": "[{\"added\": {}}]"}}, {"model": "admin.logentry", "pk": 70, "fields": {"action_time": "2021-02-28T10:32:57.690Z", "user": 3, "content_type": 10, "object_id": "16", "object_repr": "Главные события недели с 1 по 7 февраля", "action_flag": 1, "change_message": "[{\"added\": {}}]"}}, {"model": "admin.logentry", "pk": 71, "fields": {"action_time": "2021-02-28T10:33:15.451Z", "user": 3, "content_type": 10, "object_id": "17", "object_repr": "Прогноз по нефти, золоту и другим металлам от банков и инвестком", "action_flag": 1, "change_message": "[{\"added\": {}}]"}}, {"model": "admin.logentry", "pk": 72, "fields": {"action_time": "2021-02-28T10:33:29.047Z", "user": 3, "content_type": 10, "object_id": "18", "object_repr": "Осмотр больницы в Коммунарке", "action_flag": 1, "change_message": "[{\"added\": {}}]"}}, {"model": "admin.logentry", "pk": 73, "fields": {"action_time": "2021-02-28T10:39:08.139Z", "user": 3, "content_type": 10, "object_id": "19", "object_repr": "Осмотр больницы в Коммунарке", "action_flag": 1, "change_message": "[{\"added\": {}}]"}}, {"model": "admin.logentry", "pk": 74, "fields": {"action_time": "2021-03-01T18:35:22.090Z", "user": 3, "content_type": 19, "object_id": "2", "object_repr": "(<User: ddd>, '-', <Category: Кино>)", "action_flag": 1, "change_message": "[{\"added\": {}}]"}}, {"model": "admin.logentry", "pk": 75, "fields": {"action_time": "2021-03-06T17:21:51.285Z", "user": 3, "content_type": 4, "object_id": "15", "object_repr": "rolex", "action_flag": 3, "change_message": ""}}, {"model": "admin.logentry", "pk": 76, "fields": {"action_time": "2021-03-06T17:21:51.290Z", "user": 3, "content_type": 4, "object_id": "4", "object_repr": "slay", "action_flag": 3, "change_message": ""}}, {"model": "admin.logentry", "pk": 77, "fields": {"action_time": "2021-03-06T17:21:51.294Z", "user": 3, "content_type": 4, "object_id": "5", "object_repr": "slay2", "action_flag": 3, "change_message": ""}}, {"model": "admin.logentry", "pk": 78, "fields": {"action_time": "2021-03-06T17:21:51.298Z", "user": 3, "content_type": 4, "object_id": "6", "object_repr": "slay3", "action_flag": 3, "change_message": ""}}, {"model": "admin.logentry", "pk": 79, "fields": {"action_time": "2021-03-06T17:21:51.301Z", "user": 3, "content_type": 4, "object_id": "7", "object_repr": "slay4", "action_flag": 3, "change_message": ""}}, {"model": "admin.logentry", "pk": 80, "fields": {"action_time": "2021-03-06T18:01:52.678Z", "user": 3, "content_type": 4, "object_id": "16", "object_repr": "destpoch", "action_flag": 3, "change_message": ""}}, {"model": "admin.logentry", "pk": 81, "fields": {"action_time": "2021-03-06T18:06:12.604Z", "user": 3, "content_type": 4, "object_id": "17", "object_repr": "destpoch", "action_flag": 3, "change_message": ""}}, {"model": "admin.logentry", "pk": 82, "fields": {"action_time": "2021-03-07T11:52:35.740Z", "user": 3, "content_type": 9, "object_id": "31", "object_repr": "ыва", "action_flag": 3, "change_message": ""}}, {"model": "admin.logentry", "pk": 83, "fields": {"action_time": "2021-03-07T11:57:11.032Z", "user": 3, "content_type": 9, "object_id": "38", "object_repr": "Default valuedsfasd", "action_flag": 1, "change_message": "[{\"added\": {}}]"}}, {"model": "admin.logentry", "pk": 84, "fields": {"action_time": "2021-03-07T11:58:29.730Z", "user": 3, "content_type": 9, "object_id": "38", "object_repr": "Default valuedsfasd", "action_flag": 3, "change_message": ""}}, {"model": "admin.logentry", "pk": 85, "fields": {"action_time": "2021-03-07T11:58:29.742Z", "user": 3, "content_type": 9, "object_id": "37", "object_repr": "Default valueсимчсми", "action_flag": 3, "change_message": ""}}, {"model": "admin.logentry", "pk": 86, "fields": {"action_time": "2021-03-07T11:58:29.753Z", "user": 3, "content_type": 9, "object_id": "36", "object_repr": "фыва", "action_flag": 3, "change_message": ""}}, {"model": "admin.logentry", "pk": 87, "fields": {"action_time": "2021-03-07T11:58:29.758Z", "user": 3, "content_type": 9, "object_id": "35", "object_repr": "фываlue", "action_flag": 3, "change_message": ""}}, {"model": "admin.logentry", "pk": 88, "fields": {"action_time": "2021-03-07T11:58:29.772Z", "user": 3, "content_type": 9, "object_id": "34", "object_repr": "фываlue", "action_flag": 3, "change_message": ""}}, {"model": "admin.logentry", "pk": 89, "fields": {"action_time": "2021-03-07T11:58:29.781Z", "user": 3, "content_type": 9, "object_id": "33", "object_repr": "фываlue", "action_flag": 3, "change_message": ""}}, {"model": "admin.logentry", "pk": 90, "fields": {"action_time": "2021-03-07T11:58:29.792Z", "user": 3, "content_type": 9, "object_id": "32", "object_repr": "роман", "action_flag": 3, "change_message": ""}}, {"model": "admin.logentry", "pk": 91, "fields": {"action_time": "2021-03-07T11:58:29.810Z", "user": 3, "content_type": 9, "object_id": "30", "object_repr": "ыва", "action_flag": 3, "change_message": ""}}, {"model": "admin.logentry", "pk": 92, "fields": {"action_time": "2021-03-07T11:58:29.821Z", "user": 3, "content_type": 9, "object_id": "29", "object_repr": "Фелини", "action_flag": 3, "change_message": ""}}, {"model": "admin.logentry", "pk": 93, "fields": {"action_time": "2021-03-07T11:58:29.830Z", "user": 3, "content_type": 9, "object_id": "28", "object_repr": "Фелини", "action_flag": 3, "change_message": ""}}, {"model": "admin.logentry", "pk": 94, "fields": {"action_time": "2021-03-07T11:58:29.834Z", "user": 3, "content_type": 9, "object_id": "26", "object_repr": "asdfasdf", "action_flag": 3, "change_message": ""}}, {"model": "admin.logentry", "pk": 95, "fields": {"action_time": "2021-03-07T12:59:39.712Z", "user": 3, "content_type": 9, "object_id": "74", "object_repr": "123", "action_flag": 1, "change_message": "[{\"added\": {}}]"}}, {"model": "admin.logentry", "pk": 96, "fields": {"action_time": "2021-03-07T18:56:46.784Z", "user": 3, "content_type": 9, "object_id": "128", "object_repr": "34343444444444444444", "action_flag": 3, "change_message": ""}}, {"model": "admin.logentry", "pk": 97, "fields": {"action_time": "2021-03-07T18:56:46.789Z", "user": 3, "content_type": 9, "object_id": "127", "object_repr": "2222222222222222222", "action_flag": 3, "change_message": ""}}, {"model": "admin.logentry", "pk": 98, "fields": {"action_time": "2021-03-07T18:56:46.810Z", "user": 3, "content_type": 9, "object_id": "126", "object_repr": "sdfsda", "action_flag": 3, "change_message": ""}}, {"model": "admin.logentry", "pk": 99, "fields": {"action_time": "2021-03-07T18:56:46.814Z", "user": 3, "content_type": 9, "object_id": "125", "object_repr": "1111111111111", "action_flag": 3, "change_message": ""}}, {"model": "admin.logentry", "pk": 100, "fields": {"action_time": "2021-03-07T18:56:46.822Z", "user": 3, "content_type": 9, "object_id": "124", "object_repr": "22222222222222222", "action_flag": 3, "change_message": ""}}, {"model": "admin.logentry", "pk": 101, "fields": {"action_time": "2021-03-07T18:56:46.828Z", "user": 3, "content_type": 9, "object_id": "123", "object_repr": "222222222222222222222", "action_flag": 3, "change_message": ""}}, {"model": "admin.logentry", "pk": 102, "fields": {"action_time": "2021-03-07T18:56:46.845Z", "user": 3, "content_type": 9, "object_id": "122", "object_repr": "222222222222222222222", "action_flag": 3, "change_message": ""}}, {"model": "admin.logentry", "pk": 103, "fields": {"action_time": "2021-03-07T18:56:46.851Z", "user": 3, "content_type": 9, "object_id": "121", "object_repr": "222222222222222222222", "action_flag": 3, "change_message": ""}}, {"model": "admin.logentry", "pk": 104, "fields": {"action_time": "2021-03-07T18:56:46.855Z", "user": 3, "content_type": 9, "object_id": "120", "object_repr": "222222222222222222222", "action_flag": 3, "change_message": ""}}, {"model": "admin.logentry", "pk": 105, "fields": {"action_time": "2021-03-07T18:56:46.861Z", "user": 3, "content_type": 9, "object_id": "119", "object_repr": "11111111111111", "action_flag": 3, "change_message": ""}}, {"model": "admin.logentry", "pk": 106, "fields": {"action_time": "2021-03-07T18:56:46.874Z", "user": 3, "content_type": 9, "object_id": "118", "object_repr": "88888888888888888888888888888888888", "action_flag": 3, "change_message": ""}}, {"model": "admin.logentry", "pk": 107, "fields": {"action_time": "2021-03-07T18:56:46.887Z", "user": 3, "content_type": 9, "object_id": "117", "object_repr": "111111111", "action_flag": 3, "change_message": ""}}, {"model": "admin.logentry", "pk": 108, "fields": {"action_time": "2021-03-07T18:56:46.894Z", "user": 3, "content_type": 9, "object_id": "116", "object_repr": "666666666666", "action_flag": 3, "change_message": ""}}, {"model": "admin.logentry", "pk": 109, "fields": {"action_time": "2021-03-07T18:56:46.898Z", "user": 3, "content_type": 9, "object_id": "115", "object_repr": "222222222222222", "action_flag": 3, "change_message": ""}}, {"model": "admin.logentry", "pk": 110, "fields": {"action_time": "2021-03-07T18:56:46.912Z", "user": 3, "content_type": 9, "object_id": "114", "object_repr": "11111111111111111111", "action_flag": 3, "change_message": ""}}, {"model": "admin.logentry", "pk": 111, "fields": {"action_time": "2021-03-07T18:56:46.927Z", "user": 3, "content_type": 9, "object_id": "106", "object_repr": "555555555555", "action_flag": 3, "change_message": ""}}, {"model": "admin.logentry", "pk": 112, "fields": {"action_time": "2021-03-07T18:56:46.954Z", "user": 3, "content_type": 9, "object_id": "105", "object_repr": "555555555555", "action_flag": 3, "change_message": ""}}, {"model": "admin.logentry", "pk": 113, "fields": {"action_time": "2021-03-07T18:56:46.966Z", "user": 3, "content_type": 9, "object_id": "104", "object_repr": "222222222222222222222", "action_flag": 3, "change_message": ""}}, {"model": "admin.logentry", "pk": 114, "fields": {"action_time": "2021-03-07T18:56:46.970Z", "user": 3, "content_type": 9, "object_id": "103", "object_repr": "111111111111111111", "action_flag": 3, "change_message": ""}}, {"model": "admin.logentry", "pk": 115, "fields": {"action_time": "2021-03-07T18:56:46.988Z", "user": 3, "content_type": 9, "object_id": "102", "object_repr": "sdafasdf", "action_flag": 3, "change_message": ""}}, {"model": "admin.logentry", "pk": 116, "fields": {"action_time": "2021-03-07T18:56:47.008Z", "user": 3, "content_type": 9, "object_id": "101", "object_repr": "sdafasdf", "action_flag": 3, "change_message": ""}}, {"model": "admin.logentry", "pk": 117, "fields": {"action_time": "2021-03-07T18:56:47.015Z", "user": 3, "content_type": 9, "object_id": "100", "object_repr": "sdafasdf", "action_flag": 3, "change_message": ""}}, {"model": "admin.logentry", "pk": 118, "fields": {"action_time": "2021-03-07T18:56:47.025Z", "user": 3, "content_type": 9, "object_id": "99", "object_repr": "авыаавааа", "action_flag": 3, "change_message": ""}}, {"model": "admin.logentry", "pk": 119, "fields": {"action_time": "2021-03-07T18:56:47.037Z", "user": 3, "content_type": 9, "object_id": "98", "object_repr": "авыаавааа", "action_flag": 3, "change_message": ""}}, {"model": "admin.logentry", "pk": 120, "fields": {"action_time": "2021-03-07T18:56:47.048Z", "user": 3, "content_type": 9, "object_id": "97", "object_repr": "авпвыапывап", "action_flag": 3, "change_message": ""}}, {"model": "admin.logentry", "pk": 121, "fields": {"action_time": "2021-03-07T18:56:47.052Z", "user": 3, "content_type": 9, "object_id": "96", "object_repr": "авпвыапывап", "action_flag": 3, "change_message": ""}}, {"model": "admin.logentry", "pk": 122, "fields": {"action_time": "2021-03-07T18:56:47.063Z", "user": 3, "content_type": 9, "object_id": "95", "object_repr": "авпвыапывап", "action_flag": 3, "change_message": ""}}, {"model": "admin.logentry", "pk": 123, "fields": {"action_time": "2021-03-07T18:56:47.078Z", "user": 3, "content_type": 9, "object_id": "94", "object_repr": "авпвыапывап", "action_flag": 3, "change_message": ""}}, {"model": "admin.logentry", "pk": 124, "fields": {"action_time": "2021-03-07T18:56:47.082Z", "user": 3, "content_type": 9, "object_id": "93", "object_repr": "авпвыапывап", "action_flag": 3, "change_message": ""}}, {"model": "admin.logentry", "pk": 125, "fields": {"action_time": "2021-03-07T18:56:47.097Z", "user": 3, "content_type": 9, "object_id": "92", "object_repr": "авпвыапывап", "action_flag": 3, "change_message": ""}}, {"model": "admin.logentry", "pk": 126, "fields": {"action_time": "2021-03-07T18:56:47.108Z", "user": 3, "content_type": 9, "object_id": "91", "object_repr": "авпвыапывап", "action_flag": 3, "change_message": ""}}, {"model": "admin.logentry", "pk": 127, "fields": {"action_time": "2021-03-07T18:56:47.117Z", "user": 3, "content_type": 9, "object_id": "90", "object_repr": "авпвыапывап", "action_flag": 3, "change_message": ""}}, {"model": "admin.logentry", "pk": 128, "fields": {"action_time": "2021-03-07T18:56:47.133Z", "user": 3, "content_type": 9, "object_id": "89", "object_repr": "авпвыапывап", "action_flag": 3, "change_message": ""}}, {"model": "admin.logentry", "pk": 129, "fields": {"action_time": "2021-03-07T18:56:47.168Z", "user": 3, "content_type": 9, "object_id": "88", "object_repr": "авпвыапывап", "action_flag": 3, "change_message": ""}}, {"model": "admin.logentry", "pk": 130, "fields": {"action_time": "2021-03-07T18:56:47.202Z", "user": 3, "content_type": 9, "object_id": "87", "object_repr": "авпвыапывап", "action_flag": 3, "change_message": ""}}, {"model": "admin.logentry", "pk": 131, "fields": {"action_time": "2021-03-07T18:56:47.218Z", "user": 3, "content_type": 9, "object_id": "86", "object_repr": "авпвыапывап", "action_flag": 3, "change_message": ""}}, {"model": "admin.logentry", "pk": 132, "fields": {"action_time": "2021-03-07T18:56:47.228Z", "user": 3, "content_type": 9, "object_id": "85", "object_repr": "авпвыапывап", "action_flag": 3, "change_message": ""}}, {"model": "admin.logentry", "pk": 133, "fields": {"action_time": "2021-03-07T18:56:47.245Z", "user": 3, "content_type": 9, "object_id": "84", "object_repr": "ываыва", "action_flag": 3, "change_message": ""}}, {"model": "admin.logentry", "pk": 134, "fields": {"action_time": "2021-03-07T18:56:47.255Z", "user": 3, "content_type": 9, "object_id": "83", "object_repr": "dsfsdaf", "action_flag": 3, "change_message": ""}}, {"model": "admin.logentry", "pk": 135, "fields": {"action_time": "2021-03-07T18:56:47.284Z", "user": 3, "content_type": 9, "object_id": "82", "object_repr": "dsfsdaf", "action_flag": 3, "change_message": ""}}, {"model": "admin.logentry", "pk": 136, "fields": {"action_time": "2021-03-07T18:56:47.306Z", "user": 3, "content_type": 9, "object_id": "81", "object_repr": "dsfsdaf", "action_flag": 3, "change_message": ""}}, {"model": "admin.logentry", "pk": 137, "fields": {"action_time": "2021-03-07T18:56:47.338Z", "user": 3, "content_type": 9, "object_id": "80", "object_repr": "dfddd", "action_flag": 3, "change_message": ""}}, {"model": "admin.logentry", "pk": 138, "fields": {"action_time": "2021-03-07T18:56:47.350Z", "user": 3, "content_type": 9, "object_id": "79", "object_repr": "dfddd", "action_flag": 3, "change_message": ""}}, {"model": "admin.logentry", "pk": 139, "fields": {"action_time": "2021-03-07T18:56:47.387Z", "user": 3, "content_type": 9, "object_id": "78", "object_repr": "dfddd", "action_flag": 3, "change_message": ""}}, {"model": "admin.logentry", "pk": 140, "fields": {"action_time": "2021-03-07T18:56:47.411Z", "user": 3, "content_type": 9, "object_id": "77", "object_repr": "123123123", "action_flag": 3, "change_message": ""}}, {"model": "admin.logentry", "pk": 141, "fields": {"action_time": "2021-03-07T18:56:47.422Z", "user": 3, "content_type": 9, "object_id": "76", "object_repr": "ывафвe", "action_flag": 3, "change_message": ""}}, {"model": "admin.logentry", "pk": 142, "fields": {"action_time": "2021-03-07T18:56:47.443Z", "user": 3, "content_type": 9, "object_id": "75", "object_repr": "фывтва", "action_flag": 3, "change_message": ""}}, {"model": "admin.logentry", "pk": 143, "fields": {"action_time": "2021-03-07T18:56:47.475Z", "user": 3, "content_type": 9, "object_id": "74", "object_repr": "123", "action_flag": 3, "change_message": ""}}, {"model": "admin.logentry", "pk": 144, "fields": {"action_time": "2021-03-07T18:56:47.506Z", "user": 3, "content_type": 9, "object_id": "73", "object_repr": "ccccccccccccccccccccc", "action_flag": 3, "change_message": ""}}, {"model": "admin.logentry", "pk": 145, "fields": {"action_time": "2021-03-07T18:56:47.530Z", "user": 3, "content_type": 9, "object_id": "71", "object_repr": "dfdfdfssdfdfs", "action_flag": 3, "change_message": ""}}, {"model": "admin.logentry", "pk": 146, "fields": {"action_time": "2021-03-07T18:56:47.560Z", "user": 3, "content_type": 9, "object_id": "70", "object_repr": "123456", "action_flag": 3, "change_message": ""}}, {"model": "admin.logentry", "pk": 147, "fields": {"action_time": "2021-03-07T20:50:32.897Z", "user": 3, "content_type": 19, "object_id": "4", "object_repr": "(<User: ddd>, <Category: Кино>)", "action_flag": 3, "change_message": ""}}, {"model": "admin.logentry", "pk": 148, "fields": {"action_time": "2021-03-07T21:46:50.175Z", "user": 3, "content_type": 19, "object_id": "61", "object_repr": "(None, <Category: Наука>)", "action_flag": 3, "change_message": ""}}, {"model": "admin.logentry", "pk": 149, "fields": {"action_time": "2021-03-13T10:07:11.851Z", "user": 3, "content_type": 4, "object_id": "9", "object_repr": "ddd", "action_flag": 3, "change_message": ""}}, {"model": "admin.logentry", "pk": 150, "fields": {"action_time": "2021-03-13T10:07:11.872Z", "user": 3, "content_type": 4, "object_id": "10", "object_repr": "ggg", "action_flag": 3, "change_message": ""}}, {"model": "admin.logentry", "pk": 151, "fields": {"action_time": "2021-03-13T10:07:11.876Z", "user": 3, "content_type": 4, "object_id": "14", "object_repr": "lala", "action_flag": 3, "change_message": ""}}, {"model": "admin.logentry", "pk": 152, "fields": {"action_time": "2021-03-13T10:07:11.884Z", "user": 3, "content_type": 4, "object_id": "8", "object_repr": "slay5", "action_flag": 3, "change_message": ""}}, {"model": "admin.logentry", "pk": 153, "fields": {"action_time": "2021-03-13T10:07:11.889Z", "user": 3, "content_type": 4, "object_id": "13", "object_repr": "vasya", "action_flag": 3, "change_message": ""}}, {"model": "admin.logentry", "pk": 154, "fields": {"action_time": "2021-03-13T11:53:01.190Z", "user": 3, "content_type": 20, "object_id": "delete_old_job_executions", "object_repr": "delete_old_job_executions (next run at: March 14, 2021, 11:52:59 a.m.)", "action_flag": 2, "change_message": "[{\"changed\": {\"fields\": [\"Next run time\"]}}]"}}, {"model": "admin.logentry", "pk": 155, "fields": {"action_time": "2021-03-13T11:53:15.866Z", "user": 3, "content_type": 20, "object_id": "delete_old_job_executions", "object_repr": "delete_old_job_executions (next run at: March 14, 2021, 11:53:39 a.m.)", "action_flag": 2, "change_message": "[{\"changed\": {\"fields\": [\"Next run time\"]}}]"}}, {"model": "admin.logentry", "pk": 156, "fields": {"action_time": "2021-03-13T11:54:46.912Z", "user": 3, "content_type": 20, "object_id": "my_job", "object_repr": "my_job (next run at: March 13, 2021, 11:55:00 a.m.)", "action_flag": 2, "change_message": "[{\"changed\": {\"fields\": [\"Next run time\"]}}]"}}, {"model": "admin.logentry", "pk": 157, "fields": {"action_time": "2021-03-13T11:56:17.233Z", "user": 3, "content_type": 20, "object_id": "my_job", "object_repr": "my_job (next run at: March 13, 2021, 11:57:13 a.m.)", "action_flag": 2, "change_message": "[{\"changed\": {\"fields\": [\"Next run time\"]}}]"}}, {"model": "admin.logentry", "pk": 158, "fields": {"action_time": "2021-03-13T11:57:40.898Z", "user": 3, "content_type": 21, "object_id": "1", "object_repr": "1: job 'my_job' (Started execution)", "action_flag": 1, "change_message": "[{\"added\": {}}]"}}, {"model": "admin.logentry", "pk": 159, "fields": {"action_time": "2021-03-13T12:14:49.505Z", "user": 3, "content_type": 21, "object_id": "1", "object_repr": "1: job 'my_job' (Started execution)", "action_flag": 3, "change_message": ""}}, {"model": "admin.logentry", "pk": 160, "fields": {"action_time": "2021-04-05T08:10:45.862Z", "user": 3, "content_type": 19, "object_id": "68", "object_repr": "(<User: destpoch22>, <Category: Наука>)", "action_flag": 1, "change_message": "[{\"added\": {}}]"}}, {"model": "admin.logentry", "pk": 161, "fields": {"action_time": "2021-04-05T08:40:57.075Z", "user": 3, "content_type": 19, "object_id": "5", "object_repr": "(None, <Category: Кино>)", "action_flag": 3, "change_message": ""}}, {"model": "admin.logentry", "pk": 162, "fields": {"action_time": "2021-04-05T08:41:08.765Z", "user": 3, "content_type": 19, "object_id": "62", "object_repr": "(<User: destpoch>, <Category: Политика>)", "action_flag": 2, "change_message": "[{\"changed\": {\"fields\": [\"Category\"]}}]"}}, {"model": "auth.permission", "pk": 1, "fields": {"name": "Can add log entry", "content_type": 1, "codename": "add_logentry"}}, {"model": "auth.permission", "pk": 2, "fields": {"name": "Can change log entry", "content_type": 1, "codename": "change_logentry"}}, {"model": "auth.permission", "pk": 3, "fields": {"name": "Can delete log entry", "content_type": 1, "codename": "delete_logentry"}}, {"model": "auth.permission", "pk": 4, "fields": {"name": "Can view log entry", "content_type": 1, "codename": "view_logentry"}}, {"model": "auth.permission", "pk": 5, "fields": {"name": "Can add permission", "content_type": 2, "codename": "add_permission"}}, {"model": "auth.permission", "pk": 6, "fields": {"name": "Can change permission", "content_type": 2, "codename": "change_permission"}}, {"model": "auth.permission", "pk": 7, "fields": {"name": "Can delete permission", "content_type": 2, "codename": "delete_permission"}}, {"model": "auth.permission", "pk": 8, "fields": {"name": "Can view permission", "content_type": 2, "codename": "view_permission"}}, {"model": "auth.permission", "pk": 9, "fields": {"name": "Can add group", "content_type": 3, "codename": "add_group"}}, {"model": "auth.permission", "pk": 10, "fields": {"name": "Can change group", "content_type": 3, "codename": "change_group"}}, {"model": "auth.permission", "pk": 11, "fields": {"name": "Can delete group", "content_type": 3, "codename": "delete_group"}}, {"model": "auth.permission", "pk": 12, "fields": {"name": "Can view group", "content_type": 3, "codename": "view_group"}}, {"model": "auth.permission", "pk": 13, "fields": {"name": "Can add user", "content_type": 4, "codename": "add_user"}}, {"model": "auth.permission", "pk": 14, "fields": {"name": "Can change user", "content_type": 4, "codename": "change_user"}}, {"model": "auth.permission", "pk": 15, "fields": {"name": "Can delete user", "content_type": 4, "codename": "delete_user"}}, {"model": "auth.permission", "pk": 16, "fields": {"name": "Can view user", "content_type": 4, "codename": "view_user"}}, {"model": "auth.permission", "pk": 17, "fields": {"name": "Can add content type", "content_type": 5, "codename": "add_contenttype"}}, {"model": "auth.permission", "pk": 18, "fields": {"name": "Can change content type", "content_type": 5, "codename": "change_contenttype"}}, {"model": "auth.permission", "pk": 19, "fields": {"name": "Can delete content type", "content_type": 5, "codename": "delete_contenttype"}}, {"model": "auth.permission", "pk": 20, "fields": {"name": "Can view content type", "content_type": 5, "codename": "view_contenttype"}}, {"model": "auth.permission", "pk": 21, "fields": {"name": "Can add session", "content_type": 6, "codename": "add_session"}}, {"model": "auth.permission", "pk": 22, "fields": {"name": "Can change session", "content_type": 6, "codename": "change_session"}}, {"model": "auth.permission", "pk": 23, "fields": {"name": "Can delete session", "content_type": 6, "codename": "delete_session"}}, {"model": "auth.permission", "pk": 24, "fields": {"name": "Can view session", "content_type": 6, "codename": "view_session"}}, {"model": "auth.permission", "pk": 25, "fields": {"name": "Can add author", "content_type": 7, "codename": "add_author"}}, {"model": "auth.permission", "pk": 26, "fields": {"name": "Can change author", "content_type": 7, "codename": "change_author"}}, {"model": "auth.permission", "pk": 27, "fields": {"name": "Can delete author", "content_type": 7, "codename": "delete_author"}}, {"model": "auth.permission", "pk": 28, "fields": {"name": "Can view author", "content_type": 7, "codename": "view_author"}}, {"model": "auth.permission", "pk": 29, "fields": {"name": "Can add category", "content_type": 8, "codename": "add_category"}}, {"model": "auth.permission", "pk": 30, "fields": {"name": "Can change category", "content_type": 8, "codename": "change_category"}}, {"model": "auth.permission", "pk": 31, "fields": {"name": "Can delete category", "content_type": 8, "codename": "delete_category"}}, {"model": "auth.permission", "pk": 32, "fields": {"name": "Can view category", "content_type": 8, "codename": "view_category"}}, {"model": "auth.permission", "pk": 33, "fields": {"name": "Can add post", "content_type": 9, "codename": "add_post"}}, {"model": "auth.permission", "pk": 34, "fields": {"name": "Can change post", "content_type": 9, "codename": "change_post"}}, {"model": "auth.permission", "pk": 35, "fields": {"name": "Can delete post", "content_type": 9, "codename": "delete_post"}}, {"model": "auth.permission", "pk": 36, "fields": {"name": "Can view post", "content_type": 9, "codename": "view_post"}}, {"model": "auth.permission", "pk": 37, "fields": {"name": "Can add post category", "content_type": 10, "codename": "add_postcategory"}}, {"model": "auth.permission", "pk": 38, "fields": {"name": "Can change post category", "content_type": 10, "codename": "change_postcategory"}}, {"model": "auth.permission", "pk": 39, "fields": {"name": "Can delete post category", "content_type": 10, "codename": "delete_postcategory"}}, {"model": "auth.permission", "pk": 40, "fields": {"name": "Can view post category", "content_type": 10, "codename": "view_postcategory"}}, {"model": "auth.permission", "pk": 41, "fields": {"name": "Can add comment", "content_type": 11, "codename": "add_comment"}}, {"model": "auth.permission", "pk": 42, "fields": {"name": "Can change comment", "content_type": 11, "codename": "change_comment"}}, {"model": "auth.permission", "pk": 43, "fields": {"name": "Can delete comment", "content_type": 11, "codename": "delete_comment"}}, {"model": "auth.permission", "pk": 44, "fields": {"name": "Can view comment", "content_type": 11, "codename": "view_comment"}}, {"model": "auth.permission", "pk": 45, "fields": {"name": "Can add site", "content_type": 12, "codename": "add_site"}}, {"model": "auth.permission", "pk": 46, "fields": {"name": "Can change site", "content_type": 12, "codename": "change_site"}}, {"model": "auth.permission", "pk": 47, "fields": {"name": "Can delete site", "content_type": 12, "codename": "delete_site"}}, {"model": "auth.permission", "pk": 48, "fields": {"name": "Can view site", "content_type": 12, "codename": "view_site"}}, {"model": "auth.permission", "pk": 49, "fields": {"name": "Can add email address", "content_type": 13, "codename": "add_emailaddress"}}, {"model": "auth.permission", "pk": 50, "fields": {"name": "Can change email address", "content_type": 13, "codename": "change_emailaddress"}}, {"model": "auth.permission", "pk": 51, "fields": {"name": "Can delete email address", "content_type": 13, "codename": "delete_emailaddress"}}, {"model": "auth.permission", "pk": 52, "fields": {"name": "Can view email address", "content_type": 13, "codename": "view_emailaddress"}}, {"model": "auth.permission", "pk": 53, "fields": {"name": "Can add email confirmation", "content_type": 14, "codename": "add_emailconfirmation"}}, {"model": "auth.permission", "pk": 54, "fields": {"name": "Can change email confirmation", "content_type": 14, "codename": "change_emailconfirmation"}}, {"model": "auth.permission", "pk": 55, "fields": {"name": "Can delete email confirmation", "content_type": 14, "codename": "delete_emailconfirmation"}}, {"model": "auth.permission", "pk": 56, "fields": {"name": "Can view email confirmation", "content_type": 14, "codename": "view_emailconfirmation"}}, {"model": "auth.permission", "pk": 57, "fields": {"name": "Can add social account", "content_type": 15, "codename": "add_socialaccount"}}, {"model": "auth.permission", "pk": 58, "fields": {"name": "Can change social account", "content_type": 15, "codename": "change_socialaccount"}}, {"model": "auth.permission", "pk": 59, "fields": {"name": "Can delete social account", "content_type": 15, "codename": "delete_socialaccount"}}, {"model": "auth.permission", "pk": 60, "fields": {"name": "Can view social account", "content_type": 15, "codename": "view_socialaccount"}}, {"model": "auth.permission", "pk": 61, "fields": {"name": "Can add social application", "content_type": 16, "codename": "add_socialapp"}}, {"model": "auth.permission", "pk": 62, "fields": {"name": "Can change social application", "content_type": 16, "codename": "change_socialapp"}}, {"model": "auth.permission", "pk": 63, "fields": {"name": "Can delete social application", "content_type": 16, "codename": "delete_socialapp"}}, {"model": "auth.permission", "pk": 64, "fields": {"name": "Can view social application", "content_type": 16, "codename": "view_socialapp"}}, {"model": "auth.permission", "pk": 65, "fields": {"name": "Can add social application token", "content_type": 17, "codename": "add_socialtoken"}}, {"model": "auth.permission", "pk": 66, "fields": {"name": "Can change social application token", "content_type": 17, "codename": "change_socialtoken"}}, {"model": "auth.permission", "pk": 67, "fields": {"name": "Can delete social application token", "content_type": 17, "codename": "delete_socialtoken"}}, {"model": "auth.permission", "pk": 68, "fields": {"name": "Can view social application token", "content_type": 17, "codename": "view_socialtoken"}}, {"model": "auth.permission", "pk": 69, "fields": {"name": "Can add appointment", "content_type": 18, "codename": "add_appointment"}}, {"model": "auth.permission", "pk": 70, "fields": {"name": "Can change appointment", "content_type": 18, "codename": "change_appointment"}}, {"model": "auth.permission", "pk": 71, "fields": {"name": "Can delete appointment", "content_type": 18, "codename": "delete_appointment"}}, {"model": "auth.permission", "pk": 72, "fields": {"name": "Can view appointment", "content_type": 18, "codename": "view_appointment"}}, {"model": "auth.permission", "pk": 73, "fields": {"name": "Can add category subscribers", "content_type": 19, "codename": "add_categorysubscribers"}}, {"model": "auth.permission", "pk": 74, "fields": {"name": "Can change category subscribers", "content_type": 19, "codename": "change_categorysubscribers"}}, {"model": "auth.permission", "pk": 75, "fields": {"name": "Can delete category subscribers", "content_type": 19, "codename": "delete_categorysubscribers"}}, {"model": "auth.permission", "pk": 76, "fields": {"name": "Can view category subscribers", "content_type": 19, "codename": "view_categorysubscribers"}}, {"model": "auth.permission", "pk": 77, "fields": {"name": "Can add django job", "content_type": 20, "codename": "add_djangojob"}}, {"model": "auth.permission", "pk": 78, "fields": {"name": "Can change django job", "content_type": 20, "codename": "change_djangojob"}}, {"model": "auth.permission", "pk": 79, "fields": {"name": "Can delete django job", "content_type": 20, "codename": "delete_djangojob"}}, {"model": "auth.permission", "pk": 80, "fields": {"name": "Can view django job", "content_type": 20, "codename": "view_djangojob"}}, {"model": "auth.permission", "pk": 81, "fields": {"name": "Can add django job execution", "content_type": 21, "codename": "add_djangojobexecution"}}, {"model": "auth.permission", "pk": 82, "fields": {"name": "Can change django job execution", "content_type": 21, "codename": "change_djangojobexecution"}}, {"model": "auth.permission", "pk": 83, "fields": {"name": "Can delete django job execution", "content_type": 21, "codename": "delete_djangojobexecution"}}, {"model": "auth.permission", "pk": 84, "fields": {"name": "Can view django job execution", "content_type": 21, "codename": "view_djangojobexecution"}}, {"model": "auth.group", "pk": 1, "fields": {"name": "common", "permissions": []}}, {"model": "auth.group", "pk": 2, "fields": {"name": "authors", "permissions": [49, 50, 51, 52, 53, 54, 55, 56, 1, 2, 3, 4, 9, 10, 11, 12, 5, 6, 7, 8, 13, 14, 15, 16, 17, 18, 19, 20, 25, 26, 27, 28, 29, 30, 31, 32, 41, 42, 43, 44, 33, 34, 35, 36, 37, 38, 39, 40, 21, 22, 23, 24, 45, 46, 47, 48, 57, 58, 59, 60, 61, 62, 63, 64, 65, 66, 67, 68]}}, {"model": "auth.user", "pk": 1, "fields": {"password": "12345", "last_login": null, "is_superuser": false, "username": "Andrey Vasil`ev", "first_name": "", "last_name": "", "email": "", "is_staff": false, "is_active": true, "date_joined": "2021-01-22T18:57:40.222Z", "groups": [], "user_permissions": []}}, {"model": "auth.user", "pk": 2, "fields": {"password": "12345", "last_login": null, "is_superuser": false, "username": "Sergey Petrov", "first_name": "", "last_name": "", "email": "", "is_staff": false, "is_active": true, "date_joined": "2021-01-22T21:33:24.663Z", "groups": [], "user_permissions": []}}, {"model": "auth.user", "pk": 3, "fields": {"password": "pbkdf2_sha256$216000$bjG7xyRQWMRa$moo0CqX1b7K9Py658kZ35xWf50fICLipaWieIsi8zGM=", "last_login": "2021-04-12T21:22:32.321Z", "is_superuser": true, "username": "admin", "first_name": "", "last_name": "", "email": "", "is_staff": true, "is_active": true, "date_joined": "2021-01-25T15:52:18Z", "groups": [1, 2], "user_permissions": [49, 50, 51, 52, 53, 54, 55, 56, 1, 2, 3, 4, 9, 10, 11, 12, 5, 6, 7, 8, 13, 14, 15, 16, 17, 18, 19, 20, 25, 26, 27, 28, 29, 30, 31, 32, 41, 42, 43, 44, 33, 34, 35, 36, 37, 38, 39, 40, 21, 22, 23, 24, 45, 46, 47, 48, 57, 58, 59, 60, 61, 62, 63, 64, 65, 66, 67, 68]}}, {"model": "auth.user", "pk": 12, "fields": {"password": "!h6FsNmNjhEsy9uQD3231S9MGK7fMrQYm5ug4kw9o", "last_login": "2021-04-17T16:44:01.381Z", "is_superuser": false, "username": "andrey", "first_name": "Andrey", "last_name": "Ivanov", "email": "destpoch@gmail.com", "is_staff": false, "is_active": true, "date_joined": "2021-02-17T20:56:09Z", "groups": [1, 2], "user_permissions": []}}, {"model": "auth.user", "pk": 18, "fields": {"password": "pbkdf2_sha256$216000$6zVpcUVyOoRO$d/lBxln9F5vkFmZ1oosLxQ6v9r/MJXe8RUdSTlYx+Sk=", "last_login": "2021-03-13T10:02:32.170Z", "is_superuser": false, "username": "destpoch", "first_name": "", "last_name": "", "email": "destpoch@mail.ru", "is_staff": false, "is_active": true, "date_joined": "2021-03-06T18:11:59.196Z", "groups": [1], "user_permissions": []}}, {"model": "auth.user", "pk": 19, "fields": {"password": "pbkdf2_sha256$216000$3fcDERqZ1sSH$A/HZxT9UDUZ9AEZSQLPf2OiNKr6uRxC/NP0kWJJP0ck=", "last_login": null, "is_superuser": false, "username": "destpoch22", "first_name": "", "last_name": "", "email": "destpoch22@mail.ru", "is_staff": false, "is_active": true, "date_joined": "2021-03-13T12:21:47.935Z", "groups": [1], "user_permissions": []}}, {"model": "auth.user", "pk": 20, "fields": {"password": "pbkdf2_sha256$216000$IfdtLq16sS9H$UdJu07zwIxmEN6JPna8KOfnuNd6ahyL8n3SvXIF9JGM=", "last_login": null, "is_superuser": false, "username": "destpoch222", "first_name": "", "last_name": "", "email": "destpoch22@yandex.ru", "is_staff": false, "is_active": true, "date_joined": "2021-03-13T12:23:00.949Z", "groups": [1], "user_permissions": []}}, {"model": "auth.user", "pk": 21, "fields": {"password": "pbkdf2_sha256$216000$gBE6H4TRjUZA$u8sai5B+kJCC+wzkEsUIqF/+R1lIfgTtxCOAJN1ftXw=", "last_login": "2021-03-13T14:21:29.511Z", "is_superuser": false, "username": "destpoch0", "first_name": "", "last_name": "", "email": "destpoch@yandex.ru", "is_staff": false, "is_active": true, "date_joined": "2021-03-13T14:21:28.385Z", "groups": [1], "user_permissions": []}}, {"model": "contenttypes.contenttype", "pk": 1, "fields": {"app_label": "admin", "model": "logentry"}}, {"model": "contenttypes.contenttype", "pk": 2, "fields": {"app_label": "auth", "model": "permission"}}, {"model": "contenttypes.contenttype", "pk": 3, "fields": {"app_label": "auth", "model": "group"}}, {"model": "contenttypes.contenttype", "pk": 4, "fields": {"app_label": "auth", "model": "user"}}, {"model": "contenttypes.contenttype", "pk": 5, "fields": {"app_label": "contenttypes", "model": "contenttype"}}, {"model": "contenttypes.contenttype", "pk": 6, "fields": {"app_label": "sessions", "model": "session"}}, {"model": "contenttypes.contenttype", "pk": 7, "fields": {"app_label": "news", "model": "author"}}, {"model": "contenttypes.contenttype", "pk": 8, "fields": {"app_label": "news", "model": "category"}}, {"model": "contenttypes.contenttype", "pk": 9, "fields": {"app_label": "news", "model": "post"}}, {"model": "contenttypes.contenttype", "pk": 10, "fields": {"app_label": "news", "model": "postcategory"}}, {"model": "contenttypes.contenttype", "pk": 11, "fields": {"app_label": "news", "model": "comment"}}, {"model": "contenttypes.contenttype", "pk": 12, "fields": {"app_label": "sites", "model": "site"}}, {"model": "contenttypes.contenttype", "pk": 13, "fields": {"app_label": "account", "model": "emailaddress"}}, {"model": "contenttypes.contenttype", "pk": 14, "fields": {"app_label": "account", "model": "emailconfirmation"}}, {"model": "contenttypes.contenttype", "pk": 15, "fields": {"app_label": "socialaccount", "model": "socialaccount"}}, {"model": "contenttypes.contenttype", "pk": 16, "fields": {"app_label": "socialaccount", "model": "socialapp"}}, {"model": "contenttypes.contenttype", "pk": 17, "fields": {"app_label": "socialaccount", "model": "socialtoken"}}, {"model": "contenttypes.contenttype", "pk": 18, "fields": {"app_label": "appointment", "model": "appointment"}}, {"model": "contenttypes.contenttype", "pk": 19, "fields": {"app_label": "news", "model": "categorysubscribers"}}, {"model": "contenttypes.contenttype", "pk": 20, "fields": {"app_label": "django_apscheduler", "model": "djangojob"}}, {"model": "contenttypes.contenttype", "pk": 21, "fields": {"app_label": "django_apscheduler", "model": "djangojobexecution"}}, {"model": "sessions.session", "pk": "0jyejddr3ma0fcdm89zdnb673a49bn0j", "fields": {"session_data": ".eJxVjU0OwiAQhe_C2jRQaAe604uQgRlTYkNNoYnGeHdb04Uu39_3XsLjWke_Fl58IjEIJcXp1wwYb5z3BKdptxuMcV5zbb6dIy7NeVOca4pY05wvx-oPNWIZN05wrofAZK1E7jTIVhtS4JCN0YStA4gycq-tkleE2JML1BliG0iDUTu0cCnbjefHPS1PMcj3B977Q8I:1lC88t:jm17lIsGkrGqiuElyQZqHxu4xk3mqEaIMoPeJf0SDeQ", "expire_date": "2021-03-02T21:44:23.236Z"}}, {"model": "sessions.session", "pk": "4djepm67e5ytvm207aqlqbixr4y0j34d", "fields": {"session_data": ".eJxVjcsKwjAQRf8laynRNIntTn8kzKs0WFJpUlDEfzeVLnQzcB9z7ksFWMsY1ixLiKx61anDr4dAN0lbANO02Q0QzWsqzbezx7m5VCWpRIIS53Tdv_5QI-Sxcs4dt9h5bcB7RmvZINcjTjvxgsbhwIYsEDsDJ0HR2LLVx5Z5QLJmg2bJuc4Eedzj8lS9fn8A9kFEzw:1lC7sY:gHwe79HLIticCtiGtuYdv2PFT4KprOWmcPgLFe1req4", "expire_date": "2021-03-02T21:27:30.941Z"}}, {"model": "sessions.session", "pk": "5697wwg3qspifrdtgn0l8le6liw4rcuz", "fields": {"session_data": ".eJxVjcsKwjAQRf8laynRNIntTn8kzKs0WFJpUlDEfzeVLnQzcB9z7ksFWMsY1ixLiKx61anDr4dAN0lbANO02Q0QzWsqzbezx7m5VCWpRIIS53Tdv_5QI-Sxcs4dt9h5bcB7RmvZINcjTjvxgsbhwIYsEDsDJ0HR2LLVx5Z5QLJmg2bJuc4Eedzj8lS9fn8A9kFEzw:1lBLpQ:UWkhEc5gjgEyr1DgWqfBn8wV6affpTpWKg4Zsbj64eY", "expire_date": "2021-02-28T18:09:04.356Z"}}, {"model": "sessions.session", "pk": "7jawqaf8lxb8z6h5le2r1m2q3wr5dl5r", "fields": {"session_data": ".eJxVjU0OwiAQhe_C2jRQaAe604uQgRlTYkNNoYnGeHdb04Uu39_3XsLjWke_Fl58IjEIJcXp1wwYb5z3BKdptxuMcV5zbb6dIy7NeVOca4pY05wvx-oPNWIZN05wrofAZK1E7jTIVhtS4JCN0YStA4gycq-tkleE2JML1BliG0iDUTu0cCnbjefHPS1PMcj3B977Q8I:1lCqG8:rNjcc-Ksa9UKpO3C4pHbpvkKPwdPkVlFTwZvprW-vbc", "expire_date": "2021-03-04T20:50:48.825Z"}}, {"model": "sessions.session", "pk": "9wmq66jkoq60w689gvgylkfmjg654129", "fields": {"session_data": ".eJxVjDsOwjAQRO_iGll2_KekzxmstXeDA8iW4qRC3J1ESgHVSPPezJtF2NYSt05LnJFdmWKX3y5BflI9AD6g3hvPra7LnPih8JN2Pjak1-10_w4K9LKvjTUJFcqsEU2YpCed5UDkrAwKNJHxOig_JBKknbBuygBWSOPsHkmwzxfmvzej:1l4sfr:oKPLigXb1QsRQxODAgaIwt6Y1u_pGzAvNlHsK26yxwo", "expire_date": "2021-02-10T21:48:27.255Z"}}, {"model": "sessions.session", "pk": "ewvf38nkiqaqfmu4m38e87kux432ofyr", "fields": {"session_data": ".eJxVjDsOwjAQRO_iGll2_KekzxmstXeDA8iW4qRC3J1ESgHVSPPezJtF2NYSt05LnJFdmWKX3y5BflI9AD6g3hvPra7LnPih8JN2Pjak1-10_w4K9LKvjTUJFcqsEU2YpCed5UDkrAwKNJHxOig_JBKknbBuygBWSOPsHkmwzxfmvzej:1lEbkX:r69pMwHxj0eqpLdrrQzM_1YG8WDkwDUx5Ea5hIdPdMc", "expire_date": "2021-03-09T17:45:29.129Z"}}, {"model": "sessions.session", "pk": "i56we7bpqhd2djrkhjc6a2k1qrc4nc29", "fields": {"session_data": ".eJxVjU0KwjAQhe-StZSkJum0O71ImE4mNFhSaVJQxLubShe6GXg_872XcLiVyW2ZVxe9GIQCcfo1R6Qbpz3Bed7tBomWLZXm2zni3Fyq4lQiYYlLuh5ff6gJ81Q5QQZA03urNUjF1FvqWSOBJcmS2no70t52aIwf2QIb3UkI4M_Kem53aOac64zjxz2uTzHI9wcCb0Qu:1lIbqZ:3j9nV1yle9CVaXUd0BFksL3UBKebbMc-Exk1QumcMbs", "expire_date": "2021-03-20T18:40:15.027Z"}}, {"model": "sessions.session", "pk": "ird6hmcokmg0889d2m6ncsbuin9fx2w8", "fields": {"session_data": ".eJxVjDsOwjAQRO_iGll2_KekzxmstXeDA8iW4qRC3J1ESgHVSPPezJtF2NYSt05LnJFdmWKX3y5BflI9AD6g3hvPra7LnPih8JN2Pjak1-10_w4K9LKvjTUJFcqsEU2YpCed5UDkrAwKNJHxOig_JBKknbBuygBWSOPsHkmwzxfmvzej:1l46li:gD0GO5UOpCRUsg-r7j1OdRlWfQvmkV4nSJAIf4l9fCo", "expire_date": "2021-02-08T18:39:18.694Z"}}, {"model": "sessions.session", "pk": "jtoz2vngg190gw8mdp2fkhnmzu15md5k", "fields": {"session_data": ".eJxVjEEOgyAQRe_C2piClDLu2ouQYRgiKcVEsZumd68a08TlvPfnfQQSjUup7s1TiomD4xemLPqy5Nz87TLzJHqRRSMcLnXYgUthZUqeoUd6ctkM5rzh9oi0--bQc3tfLy41EdY0lsfxdUoNOA9rJ1zRso4IQB4wWBMlaCAIxkplDPqLtxA7YyPdbPDUaZKRNSnwEZVG8f0BgWBPUw:1lL58z:hgcuKLH21kh_zQsjLlL6sgl3sElF5I-tzFbJxPPHwOU", "expire_date": "2021-03-27T14:21:29.524Z"}}, {"model": "sessions.session", "pk": "kq4ode16i6fpk2mmr3iikyxgirt6cxuz", "fields": {"session_data": ".eJxVjcsKwjAQRf8laynRNIntTn8kzKs0WFJpUlDEfzeVLnQzcB9z7ksFWMsY1ixLiKx61anDr4dAN0lbANO02Q0QzWsqzbezx7m5VCWpRIIS53Tdv_5QI-Sxcs4dt9h5bcB7RmvZINcjTjvxgsbhwIYsEDsDJ0HR2LLVx5Z5QLJmg2bJuc4Eedzj8lS9fn8A9kFEzw:1lHWLr:XXKbY7v3U-1vuerFbzyj8LbSd6NclEqGTi44U7MwxVE", "expire_date": "2021-03-17T18:36:03.854Z"}}, {"model": "sessions.session", "pk": "l5k7x9r474snlw314v47ojaw7h763f9b", "fields": {"session_data": ".eJxVjM0KwyAQhN_FcwmJP1F7a19EdnVFaTBQ9VT67jUlh_YyMPPNzIs56C25XunpcmBXtnB2-Q0R_IPKQWDbjngC7_de2vTtnLhOt-GotOyh5b3cz9XfVYKaxg_q2VrjhbLeYIjRolwNUMCARnAYYhFnHrXRSkriKGBBFVcpyEggYu8P_Gk9TQ:1lToyH:Q6LZ_ujZt67E-gmZyOkZ74rq4EZqAFnrJevupPNjzvY", "expire_date": "2021-04-20T16:54:33.645Z"}}, {"model": "sessions.session", "pk": "o82oseasqhal503psibjcnb9a0eefrhg", "fields": {"session_data": ".eJxVjcsKwjAQRf8laynRNIntTn8kzKs0WFJpUlDEfzeVLnQzcB9z7ksFWMsY1ixLiKx61anDr4dAN0lbANO02Q0QzWsqzbezx7m5VCWpRIIS53Tdv_5QI-Sxcs4dt9h5bcB7RmvZINcjTjvxgsbhwIYsEDsDJ0HR2LLVx5Z5QLJmg2bJuc4Eedzj8lS9fn8A9kFEzw:1lBheX:tUK5uATHuUV7N2TMvKf9bA3ghplQ1niSW5m6lM5eUW0", "expire_date": "2021-03-01T17:27:17.401Z"}}, {"model": "sessions.session", "pk": "qdutnsfrmogyuz4qs9bm2byaiescysyl", "fields": {"session_data": ".eJxVjDsOwjAQRO_iGll2_KekzxmstXeDA8iW4qRC3J1ESgHVSPPezJtF2NYSt05LnJFdmWKX3y5BflI9AD6g3hvPra7LnPih8JN2Pjak1-10_w4K9LKvjTUJFcqsEU2YpCed5UDkrAwKNJHxOig_JBKknbBuygBWSOPsHkmwzxfmvzej:1lW40u:hyGXraur2pI-JOrQJwPQ-9U2uSCuNeCiIUPXi7fzphs", "expire_date": "2021-04-26T21:22:32.393Z"}}, {"model": "sessions.session", "pk": "t54ct2p2b20ila904bx5dj5zhrc2eoo5", "fields": {"session_data": ".eJxVjM0KwyAQhN_FcwmJP1F7a19EdnVFaTBQ9VT67jUlh_YyMPPNzIs56C25XunpcmBXtnB2-Q0R_IPKQWDbjngC7_de2vTtnLhOt-GotOyh5b3cz9XfVYKaxg_q2VrjhbLeYIjRolwNUMCARnAYYhFnHrXRSkriKGBBFVcpyEggYu8P_Gk9TQ:1lXo37:BVQwwiBlqwHC9cRMP0zyzhJ05uvOPPFacMMDamHr19A", "expire_date": "2021-05-01T16:44:01.433Z"}}, {"model": "sessions.session", "pk": "u5qvoo6y68edqzr1zkw6lxm7yyqsr861", "fields": {"session_data": ".eJxVjcsKwjAQRf8laynRNIntTn8kzKs0WFJpUlDEfzeVLnQzcB9z7ksFWMsY1ixLiKx61anDr4dAN0lbANO02Q0QzWsqzbezx7m5VCWpRIIS53Tdv_5QI-Sxcs4dt9h5bcB7RmvZINcjTjvxgsbhwIYsEDsDJ0HR2LLVx5Z5QLJmg2bJuc4Eedzj8lS9fn8A9kFEzw:1lBlQ4:KpfF0AdPmNqaNYYcxI2UjzgjKBzLML4QDTfSG2UIUbc", "expire_date": "2021-03-01T21:28:36.828Z"}}, {"model": "sessions.session", "pk": "uanxer5ojgnjjw59lpv964p08tugdn5h", "fields": {"session_data": ".eJxVjcsKwjAQRf8laynRNIntTn8kzKs0WFJpUlDEfzeVLnQzcB9z7ksFWMsY1ixLiKx61anDr4dAN0lbANO02Q0QzWsqzbezx7m5VCWpRIIS53Tdv_5QI-Sxcs4dt9h5bcB7RmvZINcjTjvxgsbhwIYsEDsDJ0HR2LLVx5Z5QLJmg2bJuc4Eedzj8lS9fn8A9kFEzw:1lHKUW:cPEegVSt7akNvgezpKEJDDOW_3nuNZ-sq3iAP12ZSc8", "expire_date": "2021-03-17T05:56:12.963Z"}}, {"model": "sessions.session", "pk": "wkmadyge069vb8s06s8voggggx7d08mb", "fields": {"session_data": ".eJxVjcsKwjAQRf8laynRNIntTn8kzKs0WFJpUlDEfzeVLnQzcB9z7ksFWMsY1ixLiKx61anDr4dAN0lbANO02Q0QzWsqzbezx7m5VCWpRIIS53Tdv_5QI-Sxcs4dt9h5bcB7RmvZINcjTjvxgsbhwIYsEDsDJ0HR2LLVx5Z5QLJmg2bJuc4Eedzj8lS9fn8A9kFEzw:1lDpau:hL9dJNVZRNzAbHuPXiBjXObjKU4BOED8mit_qFfVGrs", "expire_date": "2021-03-07T14:20:20.109Z"}}, {"model": "news.author", "pk": 1, "fields": {"rating_user": 0.0, "author_user": 1}}, {"model": "news.author", "pk": 2, "fields": {"rating_user": 0.0, "author_user": 2}}, {"model": "news.category", "pk": 1, "fields": {"title_category": "Политика"}}, {"model": "news.category", "pk": 2, "fields": {"title_category": "Экономика"}}, {"model": "news.category", "pk": 3, "fields": {"title_category": "Наука"}}, {"model": "news.category", "pk": 4, "fields": {"title_category": "Кино"}}, {"model": "news.categorysubscribers", "pk": 62, "fields": {"category": 1, "user": 18}}, {"model": "news.categorysubscribers", "pk": 65, "fields": {"category": 2, "user": 12}}, {"model": "news.categorysubscribers", "pk": 67, "fields": {"category": 4, "user": 12}}, {"model": "news.categorysubscribers", "pk": 68, "fields": {"category": 3, "user": 19}}, {"model": "news.post", "pk": 1, "fields": {"post_datetime": "2021-01-23T09:38:28.810Z", "post_title": "Romans сука in  блять the city", "article_text": "Romans сука in the city drink блять VODKA Romans in the city drink VODKA Romans in the city drink VODKA Romans in the city drink VODKA Romans in the city drink VODKA Romans in the city drink VODKA Romans in the city drink VODKA Romans in the city drink VODKA Romans in the city drink VODKA Romans in the city drink VODKA", "rating_article": 25.0, "position": "NE", "author_post": 1}}, {"model": "news.post", "pk": 4, "fields": {"post_datetime": "2021-01-30T16:42:46.613Z", "post_title": "Велосипед", "article_text": "Велосипе́д — колёсное транспортное средство (или спортивный снаряд), приводимое в движение мускульной силой человека через ножные педали или (крайне редко) через ручные рычаги. Наиболее распространены велосипеды с двумя колёсами, но бывают и трёхколёсные велосипеды.", "rating_article": 0.0, "position": "AR", "author_post": 1}}, {"model": "news.post", "pk": 5, "fields": {"post_datetime": "2021-01-30T16:43:49.272Z", "post_title": "Осмотр больницы в Коммунарке", "article_text": "Владимир Путин осмотрел в московском посёлке Коммунарка больницу, предназначенную для пациентов с подозрением на коронавирусную инфекцию.", "rating_article": 0.0, "position": "NE", "author_post": 2}}, {"model": "news.post", "pk": 6, "fields": {"post_datetime": "2021-01-31T14:11:11.066Z", "post_title": "Тараканище", "article_text": "Часть первая\r\n\r\nЕхали медведи\r\nНа велосипеде.\r\n\r\nА за ними кот\r\nЗадом наперёд.\r\n\r\nА за ним комарики\r\nНа воздушном шарике.\r\n\r\nА за ними раки\r\nНа хромой собаке.\r\n\r\nВолки на кобыле.\r\nЛьвы в автомобиле.\r\n\r\nЗайчики\r\nВ трамвайчике.\r\n\r\nЖаба на метле…\r\n\r\nЕдут и смеются,\r\nПряники жуют.\r\n\r\nВдруг из подворотни\r\nСтрашный великан,\r\nРыжий и усатый\r\nТа-ра-кан!\r\nТаракан, Таракан, Тараканище!\r\n\r\nОн рычит, и кричит,\r\nИ усами шевелит:\r\n«Погодите, не спешите,\r\nЯ вас мигом проглочу!\r\nПроглочу, проглочу, не помилую».\r\n\r\nЗвери задрожали,\r\nВ обморок упали.\r\n\r\nВолки от испуга\r\nСкушали друг друга.", "rating_article": 5.0, "position": "AR", "author_post": 2}}, {"model": "news.post", "pk": 7, "fields": {"post_datetime": "2021-01-31T18:39:03.526Z", "post_title": "Прогноз по нефти, золоту и другим металлам от банков и инвестком", "article_text": "Многие крупные банки и инвестиционные компании периодически публикуют свои прогнозы по нефти, золоту, серебру, а также другим драгоценным и промышленным металлам. Эти ожидания с течением времени пересматриваются на фоне новых политических и экономических факторов. Обывателю бывает трудно уследить за всей этой информацией.", "rating_article": 0.0, "position": "NE", "author_post": 2}}, {"model": "news.post", "pk": 8, "fields": {"post_datetime": "2021-01-31T18:39:36.468Z", "post_title": "Главные события недели с 1 по 7 февраля", "article_text": "Что было\r\nПрезидент США Джо Байден впервые позвонил Владимиру Путину, затронув в ходе разговора хакерскую атаку и отравление оппозиционера Алексея Навального.\r\n\r\nМеж тем Джером Пауэлл дал понять, что ФРС не будет спешить с сокращением выкупа. Если на заре карьеры в Федеральной резервной системе Джером Пауэлл выступал за сокращение программы QE, перспектива которого напугала рынки, то за год до конца своего срока на посту председателя центробанка он предпочел не рисковать. Регулятор и близко не готов к отказу от масштабных покупок активов и заблаговременно сообщит о намерении приступить к их сворачиванию, пообещал Пауэлл.\r\n\r\nРынки США могли переусердствовать с ожиданиями ускорения роста и инфляции: Societe Generale SA предупреждает, что ставка 10-летних гособлигаций может сползти до нуля на фоне сложностей с вакцинацией. На длинном горизонте банк все же ждет ускорения инфляции, к которой, по словам миллиардера Пола Сингера, почти никто не готов. Тем временем стратеги Bank of America Corp. не исключают скачок доходности 10-летки выше 3,25%.\r\n\r\nА в России власти изо всех сил пытаются обуздать рост цен на продукты. Административные усилия чреваты парадоксальным исходом: они могут раскрутить инфляционную спираль и заставить центробанк занять более «ястребиную» позицию, предупреждают экономисты. На этом фоне аналитики перестали ждать снижения ключевой ставки в этом году, а рынки и вовсе начинают настраиваться на ее повышение.\r\n\r\nНесмотря на пандемию прошлый год оказался не таким уж плохим для российских банков, которые заработали всего на 6% меньше и избежали значительного ухудшения качества кредитов.\r\n\r\nЧто будет\r\nFitch в середине января отмечало, что санкции США продолжат ограничивать кредитоспособность РФ, но сильное макроэкономическое положение способно снизить эффект от новых мер. Аналитики агентства, которое оценивает РФ на инвестиционном уровне «BBB» со стабильным прогнозом, написали, что не ожидают быстрого введения существенных экономических санкций, так как президент Джо Байден в первую очередь примется за решение срочных вопросов пандемии и внутренней политики. S&P Global Ratings в этом году уже подтвердило рейтинг РФ на уровне «BBB-».", "rating_article": 0.0, "position": "NE", "author_post": 2}}, {"model": "news.post", "pk": 9, "fields": {"post_datetime": "2021-01-31T18:40:25.701Z", "post_title": "Baker Hughes: за последние 19 недель число активных нефтяных бур", "article_text": "Нефтегазовая сервисная компания Baker Hughes опубликовала отчет об изменении количества активных буровых установок на территории США за неделю до 29 января 2021 г.\r\n\r\nFIG.1\r\n\r\nНа этой иллюстрации приведен график цены нефти Brent с интервалом 1 день\r\n\r\nСогласно статистике, которую сегодня опубликовала компания Baker Hughes, за неделю до 29 января:\r\n\r\nколичество нефтяных установок выросло на 6 до 295 шт.;\r\nколичество газовых установок не изменилось - 88 шт..;\r\nобщее количество установок - 384 шт.\r\nFIG.2\r\n\r\nBloomberg: динамика буровых и объема производства нефти в США понедельно\r\n\r\nТаким образом, нефтяные установки за последние 19 недель выросли 18 раз. За исключением одной недели в ноябре 2020 г. нефтяные буровые растут беспрерывно с сентября.\r\n\r\nС пика марта 2020 года буровые сократились на 57%, при этом объем производства нефти в США упал на 18%.", "rating_article": 0.0, "position": "NE", "author_post": 2}}, {"model": "news.post", "pk": 10, "fields": {"post_datetime": "2021-01-31T18:40:57.747Z", "post_title": "Российская золотодобывающая компания делает вторую попытку покор", "article_text": "IPO российской золотодобывающей компании может удовлетворить интерес инвесторов к новому золоту, что поможет ему не утратить блеск\r\n\r\nFIG.1\r\n\r\nИсточник: Bloomberg\r\n\r\nЗа двадцать лет Randgold Resources Ltd., деятельность которой сосредоточена в Африке, доказала, что она умеет эффективно работать в сложных условиях, обеспечивая высокую акционерную прибыль и соответствующую оценку премий. После того как компания Марка Бристоу согласилась объединиться с Barrick Gold Corp. в конце 2018 года, образовав крупнейшее золотодобывающее предприятие в Северной Америке, по другую сторону океана появилось место для другого игрока.\r\n\r\nИстория Nordgold\r\nNord Gold, которая принадлежит семье российского олигарха Алексея Мордашова, хочет восполнить этот пробел.\r\n\r\nNordgold, основанная в 2007 году как дочерняя компания сталелитейного завода ПАО «Северсталь», принадлежащего Мордашову, ранее уже была зарегистрирована в Лондоне. Первая попытка привлечь инвесторов за счет выпуска глобальных депозитарных расписок не увенчалась успехом из-за нехватки ликвидности. В 2017 году компания провела делистинг с биржи, посчитав цену в $1.3 млрд заниженной. Nordgold добывает 1 млн унций золота в год. И если она вернется, то теперь объем добычи будет на 20% больше, чем за последний полный год до ухода с биржи, и она может рассчитывать на премиальный листинг на Лондонской фондовой биржи и свободное обращение акций в необходимом объеме. Между тем, цены на золото выросли примерно на 50%. А если учесть уход Randgold — плюс обещание достаточно умеренной оценки — перспективы на 2021 год покажутся блестящими.\r\n\r\nУчитывая, что большинство российских горнодобывающих компаний предпочитают работать ближе к дому, удивительно, что зарегистрированная в Британии компания Nordgold с самого начала следует той же схеме, что и Randgold, обратив внимание на Африку. Компания, созданная для добычи золота в Казахстане и России, стала разрабатывать месторождения в Буркина-Фасо и Гвинее, на долю которых теперь приходится почти половина от ее общего объема добычи. Nordgold получила опыт создания бизнеса с нуля при необходимом уровне компетенции в соответствии с графиком и бюджетом в отрасли, которая чаще всего не может уложиться ни в сроки, ни в смету. Не менее важное значение имеет тот факт, что она успешно приобрела более мелких конкурентов в прошлом году и не стала участвовать в яростной борьбе за покупку Cardinal Resources Ltd. — тактика, которая принесла хорошую прибыль.", "rating_article": 0.0, "position": "NE", "author_post": 2}}, {"model": "news.post", "pk": 11, "fields": {"post_datetime": "2021-01-31T18:41:22.691Z", "post_title": "Пол Кругман: Спасение от пандемии: это «и», а не «или»", "article_text": "Президент Байден предлагает большой пакет помощи, чтобы справиться с продолжающимися последствиями коронавируса. Упаковка обширная, как и положено. Но, как и следовало ожидать, он сталкивается с требованиями сократить его масштабы. Какие из этих требований справедливы, если таковые имеются?\r\n\r\nFIG.1\r\n\r\nНа фото: Бренда Грувер, которую уволили, когда началась пандемия, в прошлом месяце стояла в очереди за едой в городке Спрингетсбери, штат Пенсильвания. Paul Kuehnel/York Daily Record, via Associated Press\r\n\r\nМы можем не учитывать оппозицию со стороны республиканских лидеров, которые внезапно решили, после многих лет создания дефицита при Трампе, что федеральный долг — ужасная вещь. Мы видели этот фильм раньше, в годы правления Обамы: республиканцы выступают против экономической помощи не потому, что они верят, что она потерпит неудачу, а потому, что они опасаются, что она может оказаться успешной, что поможет политическим перспективам демократов и легитимизирует расширение роли правительства.\r\n\r\nНо есть также некоторые добросовестные возражения против некоторых частей предложения Байдена, исходящие от демократов, таких как Джо Манчин, и прогрессивных экономических комментаторов, таких как Ларри Саммерс. В основном эти комментаторы возражают против планов широко распространенных «стимулирующих проверок» (они не являются проверками и не являются стимулом, но неважно): выплаты в размере 1400 долларов многим семьям.\r\n\r\nЯ отправляю эту заметку, чтобы объяснить, почему я считаю эти возражения ошибочными. Чтобы быть более точным, я бы сказал, что эти критики дают правильный ответ на неправильный вопрос.\r\n\r\nНачнем с общих позиций: основная цель предлагаемого плана — не стимул, а помощь при стихийных бедствиях. Экономика США будет оставаться в депрессивном состоянии до тех пор, пока свирепствует пандемия, поэтому цель состоит в том, чтобы помочь тем частям нашего общества, которые сильно пострадали от ограниченной экономики, выжить с минимальным ущербом. Сюда входят семьи с безработными, правительства штата и местные органы власти, которые не могут справиться с дефицитом и испытывают финансовые трудности, а также предприятия, пострадавшие от изоляции.\r\n\r\nТаким образом, ядро пакета — это помощь этим пострадавшим группам — увеличенные пособия по безработице, помощь правительствам штата и местным властям, а также финансовая помощь бизнесу. И на эти вещи, а также на финансирование конкретных пандемий и вакцины, приходится большая часть предлагаемых расходов.", "rating_article": 0.0, "position": "NE", "author_post": 2}}, {"model": "news.post", "pk": 12, "fields": {"post_datetime": "2021-02-01T21:16:57.936Z", "post_title": "Deutsche Bank: рубль похож на потемкинскую деревню", "article_text": "Deutsche Bank больше не ждет снижения доллара против рубля и отмечает, что российская валюта хоть и выглядит крепкой, но удивительно быстро падает.\r\n\r\nFIG.1\r\n\r\n   Курс доллара к рублю интервалами 1 день\r\n\r\nРубль похож на потемкинскую деревню: на вид крепкий, но удивительно быстро падает, пишут в обзоре аналитики Deutsche Bank. Они отменяют недавнюю рекомендацию продавать доллар против рубля, ждут прояснения ситуации во внутренней политике России и публикации обновленного прогноза ЦБР, а также следят за устойчивостью соглашения ОПЕК+.\r\n\r\n«Хотя мы сохраняем конструктивный структурный прогноз, в краткосрочной перспективе мы находим риски более сбалансированными и переходим к нейтральной позиции», - говорится в обзоре Deutsche Bank.\r\n\r\nСегодня банк смотрит на перспективы рубля с меньшим оптимизмом, чем в начале месяца. Это способствуют ухудшение перспектив текущего счета РФ, который выглядит менее устойчивым, чем раньше, а также противостояние между несистемной оппозицией и Кремлем, которое может продлиться до парламентских выборов в сентябре.\r\n\r\nБанк продолжает считать риски введения против России масштабных санкций низкими, но отмечает их рост.", "rating_article": 1.0, "position": "NE", "author_post": 1}}, {"model": "news.post", "pk": 20, "fields": {"post_datetime": "2021-02-18T18:53:41.282Z", "post_title": "Нефть Brent достигла рекордной перекупленности с 1997 года", "article_text": "Вчера котировки нефти Brent закрыли ростом четвертую торговую сессию подряд благодаря резкому падению добычи в США (сегодня Bloomberg сообщил со ссылкой на нефтетрейдеров и глав энергетических компаний о том, что вследствие аномальных холодов добыча нефти в США снизилась на 4 млн б/д с лишним).\r\n\r\nС начала года нефть Brent подорожала почти на 25% и вернулась к докризисным уровням. Однако столь стремительный рост ухудшил техническую картину и создал предпосылки для нисходящей коррекции. В частности, 14-дневный RSI не только вошел в область перекупленности, но и достиг отметки 85, что является рекордным значением с 1997 года, отмечает аналитик Bloomberg Софи Каронелло.\r\n\r\nСегодня в 19:00 по московскому времени минэнерго США опубликует данные по коммерческим запасам сырой нефти в стране, которые, по прогнозам, на неделе до 12 февраля снизились на 2,4 млн баррелей.", "rating_article": 5.0, "position": "NE", "author_post": 1}}, {"model": "news.post", "pk": 21, "fields": {"post_datetime": "2021-02-18T18:54:12.320Z", "post_title": "Добыча сланцевой нефти в России может стать рентабельной", "article_text": "Российские компании сократили себестоимость добычи сланцевой нефти, однако этого пока недостаточно для того, чтобы сделать баженовскую свиту* жизнеспособным проектом, отмечают аналитики.\r\n\r\n*ProFinance.ru: группа нефтематеринских горных пород, расположенная на территории около миллиона квадратных километров в Западной Сибири. Свита залегает на глубинах двух-трёх километров и имеет небольшую мощность: обычно двадцать-тридцать метров, не более 60 метров в депоцентре. В баженовской свите сконцентрирована большая часть горючих сланцев России, содержащих как твердое органическое вещество (кероген - недозревшая нефть), так и жидкую легкую нефть низкопроницаемых коллекторов (иногда некорректно называемую сланцевой нефтью) (Источник: Википедия — прим. ProFinance.ru).\r\n\r\nРоссия возлагает надежды на добычу трудноизвлекаемой нефти, расположенной под непроницаемой горной породой, так как традиционные месторождения черного золота в Западной Сибири истощаются. «Газпром нефть» оценивает запасы легкой низкосернистой и маловязкой нефти на баженовской свите в 18-60 млрд тонн.\r\n\r\n«Газпром нефть», которая является одной из основных компаний, работающих в этом регионе, планирует в этом году сократить себестоимость добычи сланцевой нефти до 8500 рублей за тонну ($15,8 за баррель) с 30 тысяч рублей за тонну по состоянию на 2017 год.", "rating_article": 1.0, "position": "NE", "author_post": 2}}, {"model": "news.post", "pk": 22, "fields": {"post_datetime": "2021-02-18T18:54:40.649Z", "post_title": "SpaceX Илона Маска оценили в $74 млрд", "article_text": "Инвесторы с оптимизмом смотрят на перспективы проекта Starlink, который уже обеспечивает интернетом свыше 10 000 пользователей в США, Канаде и Великобритании.\r\n\r\nFIG.1\r\n\r\n   Фото: Delo-kira\r\n\r\nSpaceX Илона Маска привлек $850 млн в рамках нового раунда финансирования, в котором участвовали такие инвесторы, как Sequoia Capital, Valor Equity Partners, Coatue Management, D1 Capital Partners и Fidelity Investments. Об этом пишет Bloomberg со ссылкой на информированный источник.\r\n\r\nЦена размещения акций SpaceX составила примерно $420, и таким образом стоимость компании теперь оценивается в $74 млрд. Предыдущий раунд финансирования состоялся прошлым летом, и тогда SpaceX оценили в $46 млрд.\r\n\r\nВенчурный фонд Sequoia Capital стал крупнейшим инвестором в последнем раунде финансирования SpaceX, и его совокупный объем инвестиций в компанию Илона Маска теперь превышает $600 млн. Обычно фонд не делает новых инвестиций, когда их объект оценен столь высоко. Однако как минимум один из партнеров Sequoia Capital Рольф Бота является давним знакомым и коллегой Илона Маска: двадцать лет назад он занимал должность финансового директора PayPal, когда компанию возглавлял Маск.\r\n\r\nИнформированный источник сообщил Bloomberg, что Sequoia Capital с особенным оптимизмом смотрит на перспективы проекта Starlink*, который уже обеспечивает интернетом свыше 10 000 пользователей в США, Канаде и Великобритании.\r\n\r\n*ProFinance.ru: глобальная спутниковая система, разворачиваемая компанией SpaceX для обеспечения высокоскоростным широкополосным доступом в Интернет в местах, где он был ненадежным, дорогим или полностью недоступным\r\n\r\nВ рамках всех состоявшихся раундов финансирования SpaceX привлек почти $6 млрд, пишет Bloomberg со ссылкой на данные PitchBook.\r\n\r\nВзлет акций Tesla и стремительный рост оценочной стоимости SpaceX позволили Илону Маску конкурировать с Джеффом Безосом (Amazon) за звание богатейшего человека мира.\r\n\r\nMarketSnapshot - Новости ProFinance.Ru и события рынка в Telegram", "rating_article": 0.0, "position": "NE", "author_post": 1}}, {"model": "news.post", "pk": 23, "fields": {"post_datetime": "2021-02-20T14:21:12.925Z", "post_title": "Default valuesdfasdf", "article_text": "asdfasdfasdf", "rating_article": 5.0, "position": "NE", "author_post": 1}}, {"model": "news.post", "pk": 24, "fields": {"post_datetime": "2021-02-20T14:21:24.577Z", "post_title": "Default value", "article_text": "dsfsadf", "rating_article": 5.0, "position": "AR", "author_post": 1}}, {"model": "news.post", "pk": 25, "fields": {"post_datetime": "2021-02-20T15:07:40.050Z", "post_title": "dsfasdf1111111111111111", "article_text": "sadfasdfasdf", "rating_article": 5.0, "position": "AR", "author_post": 1}}, {"model": "news.post", "pk": 39, "fields": {"post_datetime": "2021-03-07T12:01:23.232Z", "post_title": "111111111111111111111111111111111111111", "article_text": "fasdfasdfasdf", "rating_article": 5.0, "position": "NE", "author_post": 1}}, {"model": "news.post", "pk": 45, "fields": {"post_datetime": "2021-03-07T12:08:58.985Z", "post_title": "2222222222222222", "article_text": "222222222222222222222222222222", "rating_article": 5.0, "position": "NE", "author_post": 2}}, {"model": "news.post", "pk": 46, "fields": {"post_datetime": "2021-03-07T12:10:00.765Z", "post_title": "3333333333333333333333333", "article_text": "44444444444444444444444", "rating_article": 5.0, "position": "AR", "author_post": 1}}, {"model": "news.post", "pk": 63, "fields": {"post_datetime": "2021-03-07T12:19:04.182Z", "post_title": "hjhjhj", "article_text": "bvccvbdfbd", "rating_article": 5.0, "position": "AR", "author_post": 1}}, {"model": "news.post", "pk": 64, "fields": {"post_datetime": "2021-03-07T12:19:39.489Z", "post_title": "sdf", "article_text": "sdf", "rating_article": 5.0, "position": "NE", "author_post": 1}}, {"model": "news.post", "pk": 65, "fields": {"post_datetime": "2021-03-07T12:48:41.784Z", "post_title": "Default value", "article_text": "df", "rating_article": 6.0, "position": "NE", "author_post": 1}}, {"model": "news.post", "pk": 66, "fields": {"post_datetime": "2021-03-07T12:52:34.965Z", "post_title": "asdfasdf1ыфвафыа", "article_text": "sdfsaf", "rating_article": 5.0, "position": "NE", "author_post": 1}}, {"model": "news.post", "pk": 67, "fields": {"post_datetime": "2021-03-07T12:53:14.969Z", "post_title": "xcvbxcvb", "article_text": "fdghsdfhcvnfgjnhtyerjytnytnyt", "rating_article": 6.0, "position": "AR", "author_post": 1}}, {"model": "news.post", "pk": 68, "fields": {"post_datetime": "2021-03-07T12:54:31.519Z", "post_title": "sdfgsdfgdsf", "article_text": "sdfgdsfg", "rating_article": 6.0, "position": "NE", "author_post": 1}}, {"model": "news.post", "pk": 69, "fields": {"post_datetime": "2021-03-07T12:56:02.096Z", "post_title": "roman", "article_text": "loveis", "rating_article": 5.0, "position": "AR", "author_post": 2}}, {"model": "news.post", "pk": 130, "fields": {"post_datetime": "2021-03-07T20:43:16.210Z", "post_title": "111111111111", "article_text": "222222222222222", "rating_article": 3.0, "position": "NE", "author_post": 1}}, {"model": "news.post", "pk": 131, "fields": {"post_datetime": "2021-03-07T20:45:18.012Z", "post_title": "2312312", "article_text": "12321312", "rating_article": 1.0, "position": "NE", "author_post": 1}}, {"model": "news.post", "pk": 132, "fields": {"post_datetime": "2021-03-07T20:48:27.970Z", "post_title": "ddddd", "article_text": "ddddd", "rating_article": 2.0, "position": "NE", "author_post": 1}}, {"model": "news.post", "pk": 134, "fields": {"post_datetime": "2021-03-07T20:49:46.341Z", "post_title": "222", "article_text": "22222", "rating_article": 2.0, "position": "NE", "author_post": 1}}, {"model": "news.post", "pk": 135, "fields": {"post_datetime": "2021-03-07T20:51:29.563Z", "post_title": "ddd", "article_text": "ddd", "rating_article": 2.0, "position": "NE", "author_post": 1}}, {"model": "news.post", "pk": 139, "fields": {"post_datetime": "2021-03-07T21:43:18.777Z", "post_title": "22", "article_text": "222", "rating_article": 2.0, "position": "NE", "author_post": 1}}, {"model": "news.post", "pk": 140, "fields": {"post_datetime": "2021-03-07T21:43:56.015Z", "post_title": "Default valuedddd", "article_text": "dddd", "rating_article": 2.0, "position": "NE", "author_post": 1}}, {"model": "news.post", "pk": 146, "fields": {"post_datetime": "2021-03-07T21:53:02.865Z", "post_title": "dddd", "article_text": "dddd", "rating_article": 2.0, "position": "NE", "author_post": 1}}, {"model": "news.post", "pk": 153, "fields": {"post_datetime": "2021-03-08T14:31:17.134Z", "post_title": "23", "article_text": "32", "rating_article": 2.0, "position": "NE", "author_post": 1}}, {"model": "news.post", "pk": 216, "fields": {"post_datetime": "2021-04-03T17:33:49.629Z", "post_title": "Default value222", "article_text": "222", "rating_article": 5.0, "position": "NE", "author_post": 1}}, {"model": "news.post", "pk": 217, "fields": {"post_datetime": "2021-04-03T17:34:33.855Z", "post_title": "Default value222", "article_text": "222", "rating_article": 5.0, "position": "NE", "author_post": 1}}, {"model": "news.post", "pk": 218, "fields": {"post_datetime": "2021-04-03T17:39:37.797Z", "post_title": "Default value222", "article_text": "222", "rating_article": 5.0, "position": "NE", "author_post": 1}}, {"model": "news.post", "pk": 219, "fields": {"post_datetime": "2021-04-03T17:52:35.338Z", "post_title": "333333333", "article_text": "333333333333", "rating_article": 5.0, "position": "NE", "author_post": 1}}, {"model": "news.post", "pk": 220, "fields": {"post_datetime": "2021-04-03T17:54:23.382Z", "post_title": "333333333", "article_text": "333333333333", "rating_article": 5.0, "position": "NE", "author_post": 1}}, {"model": "news.post", "pk": 221, "fields": {"post_datetime": "2021-04-03T18:43:42.398Z", "post_title": "111111111111111111111", "article_text": "111111111111111111111", "rating_article": 5.0, "position": "NE", "author_post": 2}}, {"model": "news.post", "pk": 222, "fields": {"post_datetime": "2021-04-03T18:47:03.286Z", "post_title": "111111111111111111111", "article_text": "111111111111111111111", "rating_article": 5.0, "position": "NE", "author_post": 2}}, {"model": "news.post", "pk": 223, "fields": {"post_datetime": "2021-04-03T18:49:25.868Z", "post_title": "111111111111111111111", "article_text": "111111111111111111111", "rating_article": 5.0, "position": "NE", "author_post": 2}}, {"model": "news.post", "pk": 224, "fields": {"post_datetime": "2021-04-03T18:50:09.683Z", "post_title": "111111111111111111111", "article_text": "111111111111111111111", "rating_article": 5.0, "position": "NE", "author_post": 2}}, {"model": "news.post", "pk": 225, "fields": {"post_datetime": "2021-04-03T18:51:17.362Z", "post_title": "111111111111111111111", "article_text": "111111111111111111111", "rating_article": 5.0, "position": "NE", "author_post": 2}}, {"model": "news.post", "pk": 226, "fields": {"post_datetime": "2021-04-03T18:52:12.885Z", "post_title": "123", "article_text": "123123", "rating_article": 5.0, "position": "NE", "author_post": 1}}, {"model": "news.post", "pk": 227, "fields": {"post_datetime": "2021-04-03T18:53:01.477Z", "post_title": "123123", "article_text": "123123", "rating_article": 5.0, "position": "NE", "author_post": 1}}, {"model": "news.post", "pk": 228, "fields": {"post_datetime": "2021-04-04T08:37:35.975Z", "post_title": "1111111111111111", "article_text": "222222222222222", "rating_article": 5.0, "position": "NE", "author_post": 1}}, {"model": "news.post", "pk": 229, "fields": {"post_datetime": "2021-04-04T08:39:54.378Z", "post_title": "gggg", "article_text": "ffff", "rating_article": 5.0, "position": "NE", "author_post": 1}}, {"model": "news.post", "pk": 230, "fields": {"post_datetime": "2021-04-04T08:40:21.658Z", "post_title": "3333", "article_text": "44444", "rating_article": 0.0, "position": "NE", "author_post": 1}}, {"model": "news.post", "pk": 231, "fields": {"post_datetime": "2021-04-04T08:40:40.309Z", "post_title": "44444", "article_text": "555555555", "rating_article": 5.0, "position": "NE", "author_post": 1}}, {"model": "news.post", "pk": 232, "fields": {"post_datetime": "2021-04-04T08:44:59.255Z", "post_title": "romaroma2", "article_text": "vovavova2", "rating_article": 5.0, "position": "NE", "author_post": 1}}, {"model": "news.post", "pk": 233, "fields": {"post_datetime": "2021-04-04T09:02:18.214Z", "post_title": "testim 4", "article_text": "test test terst tet", "rating_article": 5.0, "position": "NE", "author_post": 1}}, {"model": "news.post", "pk": 235, "fields": {"post_datetime": "2021-04-05T10:52:05.957Z", "post_title": "еще одна новость", "article_text": "Вот она", "rating_article": 5.0, "position": "NE", "author_post": 2}}, {"model": "news.post", "pk": 236, "fields": {"post_datetime": "2021-04-05T11:24:03.759Z", "post_title": "Default value", "article_text": "333", "rating_article": 5.0, "position": "NE", "author_post": 1}}, {"model": "news.post", "pk": 237, "fields": {"post_datetime": "2021-04-05T11:26:19.207Z", "post_title": "Default value555", "article_text": "555", "rating_article": 5.0, "position": "NE", "author_post": 1}}, {"model": "news.postcategory", "pk": 1, "fields": {"category_post": 1, "category_category": 1}}, {"model": "news.postcategory", "pk": 2, "fields": {"category_post": 1, "category_category": 2}}, {"model": "news.postcategory", "pk": 3, "fields": {"category_post": 4, "category_category": 2}}, {"model": "news.postcategory", "pk": 4, "fields": {"category_post": 6, "category_category": 3}}, {"model": "news.postcategory", "pk": 5, "fields": {"category_post": 12, "category_category": 2}}, {"model": "news.postcategory", "pk": 6, "fields": {"category_post": 20, "category_category": 2}}, {"model": "news.postcategory", "pk": 7, "fields": {"category_post": 11, "category_category": 2}}, {"model": "news.postcategory", "pk": 8, "fields": {"category_post": 21, "category_category": 2}}, {"model": "news.postcategory", "pk": 9, "fields": {"category_post": 22, "category_category": 2}}, {"model": "news.postcategory", "pk": 10, "fields": {"category_post": 24, "category_category": 4}}, {"model": "news.postcategory", "pk": 13, "fields": {"category_post": 23, "category_category": 3}}, {"model": "news.postcategory", "pk": 14, "fields": {"category_post": 10, "category_category": 2}}, {"model": "news.postcategory", "pk": 15, "fields": {"category_post": 9, "category_category": 2}}, {"model": "news.postcategory", "pk": 16, "fields": {"category_post": 8, "category_category": 1}}, {"model": "news.postcategory", "pk": 17, "fields": {"category_post": 7, "category_category": 2}}, {"model": "news.postcategory", "pk": 18, "fields": {"category_post": 5, "category_category": 1}}, {"model": "news.postcategory", "pk": 19, "fields": {"category_post": 5, "category_category": 4}}, {"model": "news.postcategory", "pk": 28, "fields": {"category_post": 25, "category_category": 1}}, {"model": "news.postcategory", "pk": 29, "fields": {"category_post": 39, "category_category": 1}}, {"model": "news.postcategory", "pk": 30, "fields": {"category_post": 45, "category_category": 3}}, {"model": "news.postcategory", "pk": 31, "fields": {"category_post": 46, "category_category": 4}}, {"model": "news.postcategory", "pk": 42, "fields": {"category_post": 63, "category_category": 2}}, {"model": "news.postcategory", "pk": 43, "fields": {"category_post": 64, "category_category": 2}}, {"model": "news.postcategory", "pk": 44, "fields": {"category_post": 65, "category_category": 1}}, {"model": "news.postcategory", "pk": 45, "fields": {"category_post": 66, "category_category": 2}}, {"model": "news.postcategory", "pk": 46, "fields": {"category_post": 67, "category_category": 3}}, {"model": "news.postcategory", "pk": 47, "fields": {"category_post": 68, "category_category": 4}}, {"model": "news.postcategory", "pk": 48, "fields": {"category_post": 69, "category_category": 1}}, {"model": "news.postcategory", "pk": 80, "fields": {"category_post": 130, "category_category": 4}}, {"model": "news.postcategory", "pk": 81, "fields": {"category_post": 131, "category_category": 2}}, {"model": "news.postcategory", "pk": 82, "fields": {"category_post": 132, "category_category": 3}}, {"model": "news.postcategory", "pk": 83, "fields": {"category_post": 134, "category_category": 3}}, {"model": "news.postcategory", "pk": 84, "fields": {"category_post": 135, "category_category": 1}}, {"model": "news.postcategory", "pk": 85, "fields": {"category_post": 139, "category_category": 3}}, {"model": "news.postcategory", "pk": 86, "fields": {"category_post": 140, "category_category": 3}}, {"model": "news.postcategory", "pk": 89, "fields": {"category_post": 146, "category_category": 1}}, {"model": "news.postcategory", "pk": 93, "fields": {"category_post": 153, "category_category": 2}}, {"model": "news.postcategory", "pk": 129, "fields": {"category_post": 220, "category_category": 1}}, {"model": "news.postcategory", "pk": 130, "fields": {"category_post": 225, "category_category": 1}}, {"model": "news.postcategory", "pk": 131, "fields": {"category_post": 226, "category_category": 1}}, {"model": "news.postcategory", "pk": 132, "fields": {"category_post": 227, "category_category": 2}}, {"model": "news.postcategory", "pk": 133, "fields": {"category_post": 228, "category_category": 1}}, {"model": "news.postcategory", "pk": 134, "fields": {"category_post": 229, "category_category": 1}}, {"model": "news.postcategory", "pk": 135, "fields": {"category_post": 230, "category_category": 1}}, {"model": "news.postcategory", "pk": 136, "fields": {"category_post": 231, "category_category": 2}}, {"model": "news.postcategory", "pk": 137, "fields": {"category_post": 232, "category_category": 2}}, {"model": "news.postcategory", "pk": 138, "fields": {"category_post": 233, "category_category": 1}}, {"model": "news.postcategory", "pk": 139, "fields": {"category_post": 233, "category_category": 2}}, {"model": "news.postcategory", "pk": 140, "fields": {"category_post": 233, "category_category": 3}}, {"model": "news.postcategory", "pk": 141, "fields": {"category_post": 233, "category_category": 4}}, {"model": "news.postcategory", "pk": 143, "fields": {"category_post": 235, "category_category": 4}}, {"model": "news.postcategory", "pk": 144, "fields": {"category_post": 236, "category_category": 1}}, {"model": "news.postcategory", "pk": 150, "fields": {"category_post": 237, "category_category": 1}}, {"model": "news.comment", "pk": 1, "fields": {"comment_text": "Комментарий №1", "comment_datetime": "2021-01-23T16:30:52.463Z", "rating_comment": 0.0, "post_comment": 1, "comment_user": 2}}, {"model": "news.comment", "pk": 4, "fields": {"comment_text": "Комментарий №4", "comment_datetime": "2021-01-23T16:33:06.822Z", "rating_comment": -1.0, "post_comment": 1, "comment_user": 1}}, {"model": "appointment.appointment", "pk": 1, "fields": {"date": "2021-02-05", "client_name": "andrey", "message": "dfkljasdflkj"}}, {"model": "appointment.appointment", "pk": 2, "fields": {"date": "2021-02-05", "client_name": "andrey", "message": "dfkljasdflkj"}}, {"model": "sites.site", "pk": 1, "fields": {"domain": "127.0.0.1", "name": "example.com"}}, {"model": "django_apscheduler.djangojob", "pk": "delete_old_job_executions", "fields": {"next_run_time": "2021-03-14T11:53:39Z", "job_state": "gAWVRAQAAAAAAAB9lCiMB3ZlcnNpb26USwGMAmlklIwZZGVsZXRlX29sZF9qb2JfZXhlY3V0aW9uc5SMBGZ1bmOUjEFuZXdzLm1hbmFnZW1lbnQuY29tbWFuZHMucnVuYXBzY2hlZHVsZXI6ZGVsZXRlX29sZF9qb2JfZXhlY3V0aW9uc5SMB3RyaWdnZXKUjBlhcHNjaGVkdWxlci50cmlnZ2Vycy5jcm9ulIwLQ3JvblRyaWdnZXKUk5QpgZR9lChoAUsCjAh0aW1lem9uZZSMBHB5dHqUjAJfcJSTlCiMDUV1cm9wZS9Nb3Njb3eUTSgjSwCMA0xNVJR0lFKUjApzdGFydF9kYXRllE6MCGVuZF9kYXRllE6MBmZpZWxkc5RdlCiMIGFwc2NoZWR1bGVyLnRyaWdnZXJzLmNyb24uZmllbGRzlIwJQmFzZUZpZWxklJOUKYGUfZQojARuYW1llIwEeWVhcpSMCmlzX2RlZmF1bHSUiIwLZXhwcmVzc2lvbnOUXZSMJWFwc2NoZWR1bGVyLnRyaWdnZXJzLmNyb24uZXhwcmVzc2lvbnOUjA1BbGxFeHByZXNzaW9ulJOUKYGUfZSMBHN0ZXCUTnNiYXViaBiMCk1vbnRoRmllbGSUk5QpgZR9lChoHYwFbW9udGiUaB+IaCBdlGgkKYGUfZRoJ05zYmF1YmgYjA9EYXlPZk1vbnRoRmllbGSUk5QpgZR9lChoHYwDZGF5lGgfiGggXZRoJCmBlH2UaCdOc2JhdWJoGIwJV2Vla0ZpZWxklJOUKYGUfZQoaB2MBHdlZWuUaB+IaCBdlGgkKYGUfZRoJ05zYmF1YmgYjA5EYXlPZldlZWtGaWVsZJSTlCmBlH2UKGgdjAtkYXlfb2Zfd2Vla5RoH4loIF2UaCKMFldlZWtkYXlSYW5nZUV4cHJlc3Npb26Uk5QpgZR9lChoJ06MBWZpcnN0lEsAjARsYXN0lEsAdWJhdWJoGimBlH2UKGgdjARob3VylGgfiWggXZRoIowPUmFuZ2VFeHByZXNzaW9ulJOUKYGUfZQoaCdOaEpLAGhLSwB1YmF1YmgaKYGUfZQoaB2MBm1pbnV0ZZRoH4loIF2UaFEpgZR9lChoJ05oSksAaEtLAHViYXViaBopgZR9lChoHYwGc2Vjb25klGgfiGggXZRoUSmBlH2UKGgnTmhKSwBoS0sAdWJhdWJljAZqaXR0ZXKUTnVijAhleGVjdXRvcpSMB2RlZmF1bHSUjARhcmdzlCmMBmt3YXJnc5R9lGgdaAOMEm1pc2ZpcmVfZ3JhY2VfdGltZZRLAYwIY29hbGVzY2WUiIwNbWF4X2luc3RhbmNlc5RLAYwNbmV4dF9ydW5fdGltZZSMCGRhdGV0aW1llIwIZGF0ZXRpbWWUk5RDCgflAw8AAAAAAACUaA8oaBBNMCpLAIwDTVNLlHSUUpSGlFKUdS4="}}, {"model": "django_apscheduler.djangojob", "pk": "my_job", "fields": {"next_run_time": "2021-03-13T11:57:13Z", "job_state": "gAWVHgQAAAAAAAB9lCiMB3ZlcnNpb26USwGMAmlklIwGbXlfam9ilIwEZnVuY5SMLm5ld3MubWFuYWdlbWVudC5jb21tYW5kcy5ydW5hcHNjaGVkdWxlcjpteV9qb2KUjAd0cmlnZ2VylIwZYXBzY2hlZHVsZXIudHJpZ2dlcnMuY3JvbpSMC0Nyb25UcmlnZ2VylJOUKYGUfZQoaAFLAowIdGltZXpvbmWUjARweXR6lIwCX3CUk5QojA1FdXJvcGUvTW9zY293lE0oI0sAjANMTVSUdJRSlIwKc3RhcnRfZGF0ZZROjAhlbmRfZGF0ZZROjAZmaWVsZHOUXZQojCBhcHNjaGVkdWxlci50cmlnZ2Vycy5jcm9uLmZpZWxkc5SMCUJhc2VGaWVsZJSTlCmBlH2UKIwEbmFtZZSMBHllYXKUjAppc19kZWZhdWx0lIiMC2V4cHJlc3Npb25zlF2UjCVhcHNjaGVkdWxlci50cmlnZ2Vycy5jcm9uLmV4cHJlc3Npb25zlIwNQWxsRXhwcmVzc2lvbpSTlCmBlH2UjARzdGVwlE5zYmF1YmgYjApNb250aEZpZWxklJOUKYGUfZQoaB2MBW1vbnRolGgfiGggXZRoJCmBlH2UaCdOc2JhdWJoGIwPRGF5T2ZNb250aEZpZWxklJOUKYGUfZQoaB2MA2RheZRoH4hoIF2UaCQpgZR9lGgnTnNiYXViaBiMCVdlZWtGaWVsZJSTlCmBlH2UKGgdjAR3ZWVrlGgfiGggXZRoJCmBlH2UaCdOc2JhdWJoGIwORGF5T2ZXZWVrRmllbGSUk5QpgZR9lChoHYwLZGF5X29mX3dlZWuUaB+JaCBdlGgijBZXZWVrZGF5UmFuZ2VFeHByZXNzaW9ulJOUKYGUfZQoaCdOjAVmaXJzdJRLBowEbGFzdJRLBnViYXViaBopgZR9lChoHYwEaG91cpRoH4hoIF2UaCKMD1JhbmdlRXhwcmVzc2lvbpSTlCmBlH2UKGgnTmhKSwBoS0sAdWJhdWJoGimBlH2UKGgdjAZtaW51dGWUaB+IaCBdlGhRKYGUfZQoaCdOaEpLAGhLSwB1YmF1YmgaKYGUfZQoaB2MBnNlY29uZJRoH4hoIF2UaFEpgZR9lChoJ05oSksAaEtLAHViYXViZYwGaml0dGVylE51YowIZXhlY3V0b3KUjAdkZWZhdWx0lIwEYXJnc5QpjAZrd2FyZ3OUfZRoHWgDjBJtaXNmaXJlX2dyYWNlX3RpbWWUSwGMCGNvYWxlc2NllIiMDW1heF9pbnN0YW5jZXOUSwGMDW5leHRfcnVuX3RpbWWUjAhkYXRldGltZZSMCGRhdGV0aW1llJOUQwoH5QMOAAAAAAAAlGgPKGgQTTAqSwCMA01TS5R0lFKUhpRSlHUu"}}, {"model": "django_apscheduler.djangojobexecution", "pk": 2, "fields": {"job": "my_job", "status": "Executed", "run_time": "2021-03-13T12:15:26.035Z", "duration": "1.78", "finished": "1615637727.82", "exception": null, "traceback": null}}, {"model": "django_apscheduler.djangojobexecution", "pk": 3, "fields": {"job": "delete_old_job_executions", "status": "Executed", "run_time": "2021-03-13T12:15:26.058Z", "duration": "0.04", "finished": "1615637726.10", "exception": null, "traceback": null}}, {"model": "django_apscheduler.djangojobexecution", "pk": 4, "fields": {"job": "my_job", "status": "Executed", "run_time": "2021-03-13T12:17:38.862Z", "duration": "1.75", "finished": "1615637860.61", "exception": null, "traceback": null}}, {"model": "account.emailaddress", "pk": 5, "fields": {"user": 12, "email": "destpoch@gmail.com", "verified": true, "primary": true}}, {"model": "account.emailaddress", "pk": 10, "fields": {"user": 18, "email": "destpoch@mail.ru", "verified": true, "primary": true}}, {"model": "account.emailaddress", "pk": 11, "fields": {"user": 19, "email": "destpoch22@mail.ru", "verified": false, "primary": true}}, {"model": "account.emailaddress", "pk": 12, "fields": {"user": 20, "email": "destpoch22@yandex.ru", "verified": false, "primary": true}}, {"model": "account.emailaddress", "pk": 13, "fields": {"user": 21, "email": "destpoch@yandex.ru", "verified": false, "primary": true}}, {"model": "socialaccount.socialapp", "pk": 1, "fields": {"provider": "google", "name": "Google", "client_id": "579984330018-hlhldk0nicb2nsciufikvsqdg72b4mms.apps.googleusercontent.com", "secret": "1b1F7qYct5V2RUcnzeyq6Pax", "key": "", "sites": [1]}}, {"model": "socialaccount.socialaccount", "pk": 2, "fields": {"user": 12, "provider": "google", "uid": "104590840515537004986", "last_login": "2021-04-17T16:44:01.033Z", "date_joined": "2021-02-17T20:56:09.805Z", "extra_data": "{\"id\": \"104590840515537004986\", \"email\": \"destpoch@gmail.com\", \"verified_email\": true, \"name\": \"Andrey Ivanov\", \"given_name\": \"Andrey\", \"family_name\": \"Ivanov\", \"picture\": \"https://lh6.googleusercontent.com/-morqDc8kxCY/AAAAAAAAAAI/AAAAAAAAAAA/AMZuucma38lTVVkAm2FLlL1whiwbvQUqsw/s96-c/photo.jpg\", \"locale\": \"ru\"}"}}, {"model": "socialaccount.socialtoken", "pk": 2, "fields": {"app": 1, "account": 2, "token": "ya29.a0AfH6SMA7V7M7HOZnrDySlXtYpx0NHIkMMs-xq4t7WYZRTqiPUZK9lV7UwpQWLi2SR33QpzUUztDl32ZBIrRDhur2XJpJraEoBb0TKusdyU6aSxDcXLlIWF6vXX9q_6N1Wh3sWBSgSWPDDLzI3aBEB3qyQ46HYA", "token_secret": "", "expires_at": "2021-04-17T17:43:59.965Z"}}]